#
# A fatal error has been detected by the Java Runtime Environment:
#
#  SIGILL (0x4) at pc=0x00007ff81c8a55f0, pid=6010, tid=259
#
# JRE version: OpenJDK Runtime Environment Temurin-21.0.9+10 (21.0.9+10) (build 21.0.9+10-LTS)
# Java VM: OpenJDK 64-Bit Server VM Temurin-21.0.9+10 (21.0.9+10-LTS, mixed mode, sharing, tiered, compressed oops, compressed class ptrs, parallel gc, bsd-amd64)
# Problematic frame:
# C  [CoreFoundation+0x1d95f0]  CFRunLoopRunSpecific.cold.3+0xe
#
# No core dump will be written. Core dumps have been disabled. To enable core dumping, try "ulimit -c unlimited" before starting Java again
#
# If you would like to submit a bug report, please visit:
#   https://github.com/adoptium/adoptium-support/issues
#

---------------  S U M M A R Y ------------

Command Line: --add-modules=ALL-SYSTEM --add-opens=java.base/java.util=ALL-UNNAMED --add-opens=java.base/java.lang=ALL-UNNAMED --add-opens=java.base/sun.nio.fs=ALL-UNNAMED -Declipse.application=org.eclipse.jdt.ls.core.id1 -Dosgi.bundles.defaultStartLevel=4 -Declipse.product=org.eclipse.jdt.ls.core.product -Djava.import.generatesMetadataFilesAtProjectRoot=false -DDetectVMInstallationsJob.disabled=true -Dfile.encoding=utf8 -XX:+UseParallelGC -XX:GCTimeRatio=4 -XX:AdaptiveSizePolicyWeight=90 -Dsun.zip.disableMemoryMapping=true -Xmx2G -Xms100m -Xlog:disable -javaagent:/Users/stong_mac/.antigravity/extensions/redhat.java-1.52.0-darwin-x64/lombok/lombok-1.18.39-4050.jar -XX:+HeapDumpOnOutOfMemoryError -XX:HeapDumpPath=/Users/stong_mac/Library/Application Support/Antigravity/User/workspaceStorage/64f8b3a0490b059529cc33e27aa0cd02/redhat.java -Daether.dependencyCollector.impl=bf /Users/stong_mac/.antigravity/extensions/redhat.java-1.52.0-darwin-x64/server/plugins/org.eclipse.equinox.launcher_1.7.100.v20251111-0406.jar -configuration /Users/stong_mac/Library/Application Support/Antigravity/User/globalStorage/redhat.java/1.52.0/config_mac -data /Users/stong_mac/Library/Application Support/Antigravity/User/workspaceStorage/64f8b3a0490b059529cc33e27aa0cd02/redhat.java/jdt_ws --pipe=/private/var/folders/x1/tp3fk8kn5hn2h59q4qm3rx300000gn/T/lsp-00c5a2a05458f9ae38cc06ff4bd1f12f.sock

Host: "MacPro7,1" x86_64 2500 MHz, 12 cores, 32G, Darwin 24.6.0, macOS 15.7.3 (24G419)
Time: Mon Mar 30 15:25:17 2026 CST elapsed time: 25.303660 seconds (0d 0h 0m 25s)

---------------  T H R E A D  ---------------

Current thread is native thread

Stack: [0x00007ff7b7437000,0x00007ff7b7c37000],  sp=0x00007ff7b7ad5418,  free space=6777k
Native frames: (J=compiled Java code, j=interpreted, Vv=VM code, C=native code)
C  [CoreFoundation+0x1d95f0]  CFRunLoopRunSpecific.cold.3+0xe
C  [HIToolbox+0xa80d4]  RunCurrentEventLoopInMode+0x119
C  [HIToolbox+0xaae60]  ReceiveNextEventCommon+0xbc
C  [HIToolbox+0x23419a]  _BlockUntilNextEventMatchingListInModeWithFilter+0x3f
C  [AppKit+0x3fdc1]  _DPSNextEvent+0x390
C  [AppKit+0xace097]  -[NSApplication(NSEventRouting) _nextEventMatchingEventMask:untilDate:inMode:dequeue:]+0x4ef
C  [eclipse_11916.so+0x6e1b]  +[KeyWindow dispatch]+0x7b
C  [Foundation+0x7bc21]  __NSThreadPerformPerform+0xb2
C  [CoreFoundation+0x7ba40]  __CFRUNLOOP_IS_CALLING_OUT_TO_A_SOURCE0_PERFORM_FUNCTION__+0x11
C  [CoreFoundation+0x7b9e2]  __CFRunLoopDoSource0+0x9d
C  [CoreFoundation+0x7b79d]  __CFRunLoopDoSources0+0xcb
C  [CoreFoundation+0x7a406]  __CFRunLoopRun+0x3cd
C  [CoreFoundation+0x79a02]  CFRunLoopRunSpecific+0x218
C  [HIToolbox+0xa80d4]  RunCurrentEventLoopInMode+0x119
C  [HIToolbox+0xaae60]  ReceiveNextEventCommon+0xbc
C  [HIToolbox+0x23419a]  _BlockUntilNextEventMatchingListInModeWithFilter+0x3f
C  [AppKit+0x3fdc1]  _DPSNextEvent+0x390
C  [AppKit+0xace097]  -[NSApplication(NSEventRouting) _nextEventMatchingEventMask:untilDate:inMode:dequeue:]+0x4ef
C  [eclipse_11916.so+0x6e1b]  +[KeyWindow dispatch]+0x7b
C  [Foundation+0x7bc21]  __NSThreadPerformPerform+0xb2
C  [CoreFoundation+0x7ba40]  __CFRUNLOOP_IS_CALLING_OUT_TO_A_SOURCE0_PERFORM_FUNCTION__+0x11
C  [CoreFoundation+0x7b9e2]  __CFRunLoopDoSource0+0x9d
C  [CoreFoundation+0x7b79d]  __CFRunLoopDoSources0+0xcb
C  [CoreFoundation+0x7a406]  __CFRunLoopRun+0x3cd
C  [CoreFoundation+0x79a02]  CFRunLoopRunSpecific+0x218
C  [HIToolbox+0xa80d4]  RunCurrentEventLoopInMode+0x119
C  [HIToolbox+0xaae60]  ReceiveNextEventCommon+0xbc
C  [HIToolbox+0x23419a]  _BlockUntilNextEventMatchingListInModeWithFilter+0x3f
C  [AppKit+0x3fdc1]  _DPSNextEvent+0x390
C  [AppKit+0xace097]  -[NSApplication(NSEventRouting) _nextEventMatchingEventMask:untilDate:inMode:dequeue:]+0x4ef
C  [eclipse_11916.so+0x6e1b]  +[KeyWindow dispatch]+0x7b
C  [Foundation+0x7bc21]  __NSThreadPerformPerform+0xb2
C  [CoreFoundation+0x7ba40]  __CFRUNLOOP_IS_CALLING_OUT_TO_A_SOURCE0_PERFORM_FUNCTION__+0x11
C  [CoreFoundation+0x7b9e2]  __CFRunLoopDoSource0+0x9d
C  [CoreFoundation+0x7b79d]  __CFRunLoopDoSources0+0xcb
C  [CoreFoundation+0x7a406]  __CFRunLoopRun+0x3cd
C  [CoreFoundation+0x79a02]  CFRunLoopRunSpecific+0x218
C  [HIToolbox+0xa80d4]  RunCurrentEventLoopInMode+0x119
C  [HIToolbox+0xaae60]  ReceiveNextEventCommon+0xbc
C  [HIToolbox+0x23419a]  _BlockUntilNextEventMatchingListInModeWithFilter+0x3f
C  [AppKit+0x3fdc1]  _DPSNextEvent+0x390
C  [AppKit+0xace097]  -[NSApplication(NSEventRouting) _nextEventMatchingEventMask:untilDate:inMode:dequeue:]+0x4ef
C  [eclipse_11916.so+0x6e1b]  +[KeyWindow dispatch]+0x7b
C  [Foundation+0x7bc21]  __NSThreadPerformPerform+0xb2
C  [CoreFoundation+0x7ba40]  __CFRUNLOOP_IS_CALLING_OUT_TO_A_SOURCE0_PERFORM_FUNCTION__+0x11
C  [CoreFoundation+0x7b9e2]  __CFRunLoopDoSource0+0x9d
C  [CoreFoundation+0x7b79d]  __CFRunLoopDoSources0+0xcb
C  [CoreFoundation+0x7a406]  __CFRunLoopRun+0x3cd
C  [CoreFoundation+0x79a02]  CFRunLoopRunSpecific+0x218
C  [HIToolbox+0xa80d4]  RunCurrentEventLoopInMode+0x119
C  [HIToolbox+0xaae60]  ReceiveNextEventCommon+0xbc
C  [HIToolbox+0x23419a]  _BlockUntilNextEventMatchingListInModeWithFilter+0x3f
C  [AppKit+0x3fdc1]  _DPSNextEvent+0x390
C  [AppKit+0xace097]  -[NSApplication(NSEventRouting) _nextEventMatchingEventMask:untilDate:inMode:dequeue:]+0x4ef
C  [eclipse_11916.so+0x6e1b]  +[KeyWindow dispatch]+0x7b
C  [Foundation+0x7bc21]  __NSThreadPerformPerform+0xb2
C  [CoreFoundation+0x7ba40]  __CFRUNLOOP_IS_CALLING_OUT_TO_A_SOURCE0_PERFORM_FUNCTION__+0x11
C  [CoreFoundation+0x7b9e2]  __CFRunLoopDoSource0+0x9d
C  [CoreFoundation+0x7b79d]  __CFRunLoopDoSources0+0xcb
C  [CoreFoundation+0x7a406]  __CFRunLoopRun+0x3cd
C  [CoreFoundation+0x79a02]  CFRunLoopRunSpecific+0x218
C  [HIToolbox+0xa80d4]  RunCurrentEventLoopInMode+0x119
C  [HIToolbox+0xaae60]  ReceiveNextEventCommon+0xbc
C  [HIToolbox+0x23419a]  _BlockUntilNextEventMatchingListInModeWithFilter+0x3f
C  [AppKit+0x3fdc1]  _DPSNextEvent+0x390
C  [AppKit+0xace097]  -[NSApplication(NSEventRouting) _nextEventMatchingEventMask:untilDate:inMode:dequeue:]+0x4ef
C  [eclipse_11916.so+0x6e1b]  +[KeyWindow dispatch]+0x7b
C  [Foundation+0x7bc21]  __NSThreadPerformPerform+0xb2
C  [CoreFoundation+0x7ba40]  __CFRUNLOOP_IS_CALLING_OUT_TO_A_SOURCE0_PERFORM_FUNCTION__+0x11
C  [CoreFoundation+0x7b9e2]  __CFRunLoopDoSource0+0x9d
C  [CoreFoundation+0x7b79d]  __CFRunLoopDoSources0+0xcb
C  [CoreFoundation+0x7a406]  __CFRunLoopRun+0x3cd
C  [CoreFoundation+0x79a02]  CFRunLoopRunSpecific+0x218
C  [HIToolbox+0xa80d4]  RunCurrentEventLoopInMode+0x119
C  [HIToolbox+0xaae60]  ReceiveNextEventCommon+0xbc
C  [HIToolbox+0x23419a]  _BlockUntilNextEventMatchingListInModeWithFilter+0x3f
C  [AppKit+0x3fdc1]  _DPSNextEvent+0x390
C  [AppKit+0xace097]  -[NSApplication(NSEventRouting) _nextEventMatchingEventMask:untilDate:inMode:dequeue:]+0x4ef
C  [eclipse_11916.so+0x6e1b]  +[KeyWindow dispatch]+0x7b
C  [Foundation+0x7bc21]  __NSThreadPerformPerform+0xb2
C  [CoreFoundation+0x7ba40]  __CFRUNLOOP_IS_CALLING_OUT_TO_A_SOURCE0_PERFORM_FUNCTION__+0x11
C  [CoreFoundation+0x7b9e2]  __CFRunLoopDoSource0+0x9d
C  [CoreFoundation+0x7b79d]  __CFRunLoopDoSources0+0xcb
C  [CoreFoundation+0x7a406]  __CFRunLoopRun+0x3cd
C  [CoreFoundation+0x79a02]  CFRunLoopRunSpecific+0x218
C  [HIToolbox+0xa80d4]  RunCurrentEventLoopInMode+0x119
C  [HIToolbox+0xaae60]  ReceiveNextEventCommon+0xbc
C  [HIToolbox+0x23419a]  _BlockUntilNextEventMatchingListInModeWithFilter+0x3f
C  [AppKit+0x3fdc1]  _DPSNextEvent+0x390
C  [AppKit+0xace097]  -[NSApplication(NSEventRouting) _nextEventMatchingEventMask:untilDate:inMode:dequeue:]+0x4ef
C  [eclipse_11916.so+0x6e1b]  +[KeyWindow dispatch]+0x7b
C  [Foundation+0x7bc21]  __NSThreadPerformPerform+0xb2
C  [CoreFoundation+0x7ba40]  __CFRUNLOOP_IS_CALLING_OUT_TO_A_SOURCE0_PERFORM_FUNCTION__+0x11
C  [CoreFoundation+0x7b9e2]  __CFRunLoopDoSource0+0x9d
C  [CoreFoundation+0x7b79d]  __CFRunLoopDoSources0+0xcb
C  [CoreFoundation+0x7a406]  __CFRunLoopRun+0x3cd
C  [CoreFoundation+0x79a02]  CFRunLoopRunSpecific+0x218
C  [HIToolbox+0xa80d4]  RunCurrentEventLoopInMode+0x119
C  [HIToolbox+0xaae60]  ReceiveNextEventCommon+0xbc
C  [HIToolbox+0x23419a]  _BlockUntilNextEventMatchingListInModeWithFilter+0x3f
...<more frames>...

siginfo: si_signo: 4 (SIGILL), si_code: 1 (ILL_ILLOPC), si_addr: 0x00007ff81c8a55f0

Registers:
RAX=0x00007ff81ca44d32, RBX=0x00007fa418810690, RCX=0x00000000000120a8, RDX=0x0000000000000008
RSP=0x00007ff7b7ad5418, RBP=0x00007ff7b7ad54a0, RSI=0x0000000000000000, RDI=0x00007fa418810998
R8 =0x000000000000542c, R9 =0x0000000000000008, R10=0x0000000000000000, R11=0x00000000a5baadb9
R12=0x00007fa4188106a0, R13=0x0000000000000001, R14=0x0000000000000001, R15=0x00007fa418810970
RIP=0x00007ff81c8a55f0, EFLAGS=0x0000000000010246, ERR=0x0000000000000000
  TRAPNO=0x0000000000000006


Top of Stack: (sp=0x00007ff7b7ad5418)
0x00007ff7b7ad5418:   00007ff81c745aba 0000000000000000
0x00007ff7b7ad5428:   0000000000000000 00007fa418810980
0x00007ff7b7ad5438:   00007fa4188106a0 00007ff7b7ad5460
0x00007ff7b7ad5448:   00007ff81c6d0b02 00007ff85a9cef18
0x00007ff7b7ad5458:   0000000000000001 00007ff7b7ad5470
0x00007ff7b7ad5468:   00007ff81c70bb98 9d6885b561b40070
0x00007ff7b7ad5478:   00007fa3f7f4f610 0000000000000000
0x00007ff7b7ad5488:   ffffffffffffff01 0000000000000001
0x00007ff7b7ad5498:   00007ff85a9cef18 00007ff7b7ad54f0
0x00007ff7b7ad54a8:   00007ff8282360d4 0000000000000000
0x00007ff7b7ad54b8:   0000000000000000 0000000000000000
0x00007ff7b7ad54c8:   0000000000000000 00007ff7b7ad5748
0x00007ff7b7ad54d8:   ffffffffffffffff 0000000000000000
0x00007ff7b7ad54e8:   0000000000000001 00007ff7b7ad5570
0x00007ff7b7ad54f8:   00007ff828238e60 00007ff7b7ad56e8
0x00007ff7b7ad5508:   0000000000000000 00007ff85a9cef18
0x00007ff7b7ad5518:   0000000000000000 0000000000000000
0x00007ff7b7ad5528:   0000000000000000 0000000000000000
0x00007ff7b7ad5538:   0000000000000000 ffffffffffffffff
0x00007ff7b7ad5548:   0000000000000000 00007fa3f0032db0
0x00007ff7b7ad5558:   ffffffffffffffff 0000000000000000
0x00007ff7b7ad5568:   0000000000000000 00007ff7b7ad5590
0x00007ff7b7ad5578:   00007ff8283c219a ffffffff00000000
0x00007ff7b7ad5588:   0000000000000000 00007ff7b7ad5990
0x00007ff7b7ad5598:   00007ff8201a8dc1 0000000000000000
0x00007ff7b7ad55a8:   0000000000000000 0000000000000000
0x00007ff7b7ad55b8:   0000000000000000 0000000000000000
0x00007ff7b7ad55c8:   0000000000000000 0000000000000000
0x00007ff7b7ad55d8:   0000000000000000 0000000000000000
0x00007ff7b7ad55e8:   0000000000000000 00007ff83bc688a4
0x00007ff7b7ad55f8:   00007ff83bc470b3 00007ff83bd2df92
0x00007ff7b7ad5608:   00007ff83bc08b80 00007ff83bbce80b 

Instructions: (pc=0x00007ff81c8a55f0)
0x00007ff81c8a54f0:   48 89 05 81 86 9c 41 0f 0b 48 8d 3d 50 89 9c 41
0x00007ff81c8a5500:   48 8d 35 b1 a7 0e 3e e9 bc f1 00 00 48 8b 05 45
0x00007ff81c8a5510:   89 9c 41 48 85 c0 0f 94 c1 48 39 f8 0f 95 c0 08
0x00007ff81c8a5520:   c8 75 23 48 83 3d 3d 89 9c 41 ff 75 01 c3 55 48
0x00007ff81c8a5530:   89 e5 48 8d 3d 2f 89 9c 41 48 8d 35 d8 a8 0e 3e
0x00007ff81c8a5540:   e8 83 f1 00 00 5d c3 48 8d 05 58 f7 19 00 48 89
0x00007ff81c8a5550:   05 23 86 9c 41 0f 0b 48 8d 05 48 f7 19 00 48 89
0x00007ff81c8a5560:   05 13 86 9c 41 0f 0b 48 8d 05 8f f7 19 00 48 89
0x00007ff81c8a5570:   05 03 86 9c 41 0f 0b 48 8d 05 5b f7 19 00 48 89
0x00007ff81c8a5580:   05 f3 85 9c 41 0f 0b 48 8d 05 e5 f6 19 00 48 89
0x00007ff81c8a5590:   05 e3 85 9c 41 0f 0b 48 8b 05 ba 88 9c 41 48 85
0x00007ff81c8a55a0:   c0 0f 94 c1 48 39 f8 0f 95 c0 08 c8 75 23 48 83
0x00007ff81c8a55b0:   3d b2 88 9c 41 ff 75 01 c3 55 48 89 e5 48 8d 3d
0x00007ff81c8a55c0:   a4 88 9c 41 48 8d 35 4d a8 0e 3e e8 f8 f0 00 00
0x00007ff81c8a55d0:   5d c3 48 8d 05 ce f8 19 00 48 89 05 98 85 9c 41
0x00007ff81c8a55e0:   0f 0b 48 8d 05 49 f7 19 00 48 89 05 88 85 9c 41
0x00007ff81c8a55f0:   0f 0b 48 8b 05 5f 88 9c 41 48 85 c0 0f 94 c1 48
0x00007ff81c8a5600:   39 f8 0f 95 c0 08 c8 75 23 48 83 3d 57 88 9c 41
0x00007ff81c8a5610:   ff 75 01 c3 55 48 89 e5 48 8d 3d 49 88 9c 41 48
0x00007ff81c8a5620:   8d 35 f2 a7 0e 3e e8 9d f0 00 00 5d c3 48 8b 05
0x00007ff81c8a5630:   24 88 9c 41 48 85 c0 0f 94 c1 48 39 f8 0f 95 c0
0x00007ff81c8a5640:   08 c8 75 23 48 83 3d 1c 88 9c 41 ff 75 01 c3 55
0x00007ff81c8a5650:   48 89 e5 48 8d 3d 0e 88 9c 41 48 8d 35 b7 a7 0e
0x00007ff81c8a5660:   3e e8 62 f0 00 00 5d c3 48 8b 05 e9 87 9c 41 48
0x00007ff81c8a5670:   85 c0 0f 94 c1 48 39 f8 0f 95 c0 08 c8 75 23 48
0x00007ff81c8a5680:   83 3d e1 87 9c 41 ff 75 01 c3 55 48 89 e5 48 8d
0x00007ff81c8a5690:   3d d3 87 9c 41 48 8d 35 7c a7 0e 3e e8 27 f0 00
0x00007ff81c8a56a0:   00 5d c3 48 8d 05 6b f0 19 00 48 89 05 c7 84 9c
0x00007ff81c8a56b0:   41 0f 0b 48 8b 05 9e 87 9c 41 48 85 c0 0f 94 c1
0x00007ff81c8a56c0:   48 39 f8 0f 95 c0 08 c8 75 23 48 83 3d 96 87 9c
0x00007ff81c8a56d0:   41 ff 75 01 c3 55 48 89 e5 48 8d 3d 88 87 9c 41
0x00007ff81c8a56e0:   48 8d 35 31 a7 0e 3e e8 dc ef 00 00 5d c3 48 8b 



---------------  P R O C E S S  ---------------

VM state: not at safepoint (normal execution)

VM Mutex/Monitor currently owned by a thread: None

Heap address: 0x0000000780000000, size: 2048 MB, Compressed Oops mode: Zero based, Oop shift amount: 3

CDS archive(s) mapped at: [0x0000000127000000-0x0000000127bb6000-0x0000000127bb6000), size 12279808, SharedBaseAddress: 0x0000000127000000, ArchiveRelocationMode: 1.
Compressed class space mapped at: 0x0000000128000000-0x0000000168000000, reserved size: 1073741824
Narrow klass base: 0x0000000127000000, Narrow klass shift: 0, Narrow klass range: 0x100000000

GC Precious Log:
<Skipped>

Heap:
 PSYoungGen      total 14336K, used 14336K [0x00000007d5580000, 0x00000007d6c80000, 0x0000000800000000)
  eden space 13824K, 100% used [0x00000007d5580000,0x00000007d6300000,0x00000007d6300000)
  from space 512K, 100% used [0x00000007d6c00000,0x00000007d6c80000,0x00000007d6c80000)
  to   space 1536K, 0% used [0x00000007d6980000,0x00000007d6980000,0x00000007d6b00000)
 ParOldGen       total 68608K, used 38372K [0x0000000780000000, 0x0000000784300000, 0x00000007d5580000)
  object space 68608K, 55% used [0x0000000780000000,0x0000000782579188,0x0000000784300000)
 Metaspace       used 32394K, committed 33280K, reserved 1114112K
  class space    used 3309K, committed 3648K, reserved 1048576K

Card table byte_map: [0x000000010e800000,0x000000010ec01000] _byte_map_base: 0x000000010ac00000

Marking Bits: (ParMarkBitMap*) 0x000000011093cb50
 Begin Bits: [0x0000000122f8a000, 0x0000000124f8a000)
 End Bits:   [0x0000000124f8a000, 0x0000000126f8a000)

Polling page: 0x0000000108332000

Metaspace:

Usage:
  Non-class:     28.40 MB used.
      Class:      3.23 MB used.
       Both:     31.63 MB used.

Virtual space:
  Non-class space:       64.00 MB reserved,      28.94 MB ( 45%) committed,  1 nodes.
      Class space:        1.00 GB reserved,       3.56 MB ( <1%) committed,  1 nodes.
             Both:        1.06 GB reserved,      32.50 MB (  3%) committed. 

Chunk freelists:
   Non-Class:  2.30 MB
       Class:  12.44 MB
        Both:  14.73 MB

MaxMetaspaceSize: unlimited
CompressedClassSpaceSize: 1.00 GB
Initial GC threshold: 21.00 MB
Current GC threshold: 35.00 MB
CDS: on
 - commit_granule_bytes: 65536.
 - commit_granule_words: 8192.
 - virtual_space_node_default_size: 8388608.
 - enlarge_chunks_in_place: 1.
 - use_allocation_guard: 0.


Internal statistics:

num_allocs_failed_limit: 3.
num_arena_births: 696.
num_arena_deaths: 14.
num_vsnodes_births: 2.
num_vsnodes_deaths: 0.
num_space_committed: 520.
num_space_uncommitted: 0.
num_chunks_returned_to_freelist: 17.
num_chunks_taken_from_freelist: 2035.
num_chunk_merges: 7.
num_chunk_splits: 1297.
num_chunks_enlarged: 770.
num_inconsistent_stats: 0.

CodeHeap 'non-profiled nmethods': size=120028Kb used=1564Kb max_used=1564Kb free=118463Kb
 bounds [0x000000011ba53000, 0x000000011bcc3000, 0x0000000122f8a000]
CodeHeap 'profiled nmethods': size=120028Kb used=9699Kb max_used=9699Kb free=110328Kb
 bounds [0x0000000113f8a000, 0x000000011490a000, 0x000000011b4c1000]
CodeHeap 'non-nmethods': size=5704Kb used=1326Kb max_used=1326Kb free=4377Kb
 bounds [0x000000011b4c1000, 0x000000011b731000, 0x000000011ba53000]
CodeCache: size=245760Kb, used=12589Kb, max_used=12589Kb, free=233168Kb
 total_blobs=5580, nmethods=4952, adapters=535, full_count=0
Compilation: enabled, stopped_count=0, restarted_count=0

Compilation events (20 events):
Event: 25.273 Thread 0x00007fa401022800 5031       2       com.google.inject.internal.BindingBuilder::<init> (10 bytes)
Event: 25.273 Thread 0x00007fa401022800 nmethod 5031 0x00000001148f9a90 code [0x00000001148f9c20, 0x00000001148f9d40]
Event: 25.273 Thread 0x00007fa401022800 5032       2       java.lang.Package$VersionInfo::getInstance (53 bytes)
Event: 25.273 Thread 0x00007fa401022800 nmethod 5032 0x00000001148f9e10 code [0x00000001148f9fc0, 0x00000001148fa220]
Event: 25.275 Thread 0x00007fa401022800 5033       2       org.objectweb.asm.ClassReader::readClass (7 bytes)
Event: 25.275 Thread 0x00007fa401022800 nmethod 5033 0x00000001148fa310 code [0x00000001148fa4e0, 0x00000001148fa6e0]
Event: 25.275 Thread 0x00007fa401022800 5034       2       org.objectweb.asm.ClassReader::readStringish (16 bytes)
Event: 25.275 Thread 0x00007fa401022800 nmethod 5034 0x00000001148fa890 code [0x00000001148faa60, 0x00000001148fac50]
Event: 25.277 Thread 0x00007fa401022800 5036       2       sun.reflect.generics.parser.SignatureParser::mark (9 bytes)
Event: 25.277 Thread 0x00007fa401022800 nmethod 5036 0x00000001148fad90 code [0x00000001148faf20, 0x00000001148fb020]
Event: 25.277 Thread 0x00007fa401022800 5037       2       sun.reflect.generics.parser.SignatureParser::markToCurrent (16 bytes)
Event: 25.277 Thread 0x00007fa401022800 nmethod 5037 0x00000001148fb090 code [0x00000001148fb240, 0x00000001148fb370]
Event: 25.287 Thread 0x00007fa401022800 5039       2       sun.reflect.generics.parser.SignatureParser::parsePackageNameAndSimpleClassTypeSignature (119 bytes)
Event: 25.287 Thread 0x00007fa401022800 nmethod 5039 0x00000001148fb410 code [0x00000001148fb6a0, 0x00000001148fbc58]
Event: 25.287 Thread 0x00007fa401022800 5038       2       sun.reflect.generics.parser.SignatureParser::parseClassTypeSignature (118 bytes)
Event: 25.288 Thread 0x00007fa401022800 nmethod 5038 0x00000001148fc010 code [0x00000001148fc2e0, 0x00000001148fcb20]
Event: 25.288 Thread 0x00007fa401022800 5040       2       java.lang.Class::getAnnotation (22 bytes)
Event: 25.288 Thread 0x00007fa401022800 nmethod 5040 0x00000001148fd090 code [0x00000001148fd260, 0x00000001148fd4d8]
Event: 25.299 Thread 0x00007fa401022800 5041       2       com.google.common.cache.LocalCache::expiresAfterWrite (15 bytes)
Event: 25.299 Thread 0x00007fa401022800 nmethod 5041 0x00000001148fd610 code [0x00000001148fd7a0, 0x00000001148fd8c0]

GC Heap History (20 events):
Event: 22.822 GC heap before
{Heap before GC invocations=12 (full 0):
 PSYoungGen      total 19456K, used 5625K [0x00000007d5580000, 0x00000007d6f80000, 0x0000000800000000)
  eden space 13824K, 32% used [0x00000007d5580000,0x00000007d59dd400,0x00000007d6300000)
  from space 5632K, 20% used [0x00000007d6600000,0x00000007d6721128,0x00000007d6b80000)
  to   space 2048K, 0% used [0x00000007d6d80000,0x00000007d6d80000,0x00000007d6f80000)
 ParOldGen       total 68608K, used 33282K [0x0000000780000000, 0x0000000784300000, 0x00000007d5580000)
  object space 68608K, 48% used [0x0000000780000000,0x0000000782080828,0x0000000784300000)
 Metaspace       used 20716K, committed 21504K, reserved 1114112K
  class space    used 2153K, committed 2496K, reserved 1048576K
}
Event: 22.823 GC heap after
{Heap after GC invocations=12 (full 0):
 PSYoungGen      total 14848K, used 824K [0x00000007d5580000, 0x00000007d6e80000, 0x0000000800000000)
  eden space 13824K, 0% used [0x00000007d5580000,0x00000007d5580000,0x00000007d6300000)
  from space 1024K, 80% used [0x00000007d6d80000,0x00000007d6e4e010,0x00000007d6e80000)
  to   space 1536K, 0% used [0x00000007d6b80000,0x00000007d6b80000,0x00000007d6d00000)
 ParOldGen       total 68608K, used 34119K [0x0000000780000000, 0x0000000784300000, 0x00000007d5580000)
  object space 68608K, 49% used [0x0000000780000000,0x0000000782151f40,0x0000000784300000)
 Metaspace       used 20716K, committed 21504K, reserved 1114112K
  class space    used 2153K, committed 2496K, reserved 1048576K
}
Event: 22.823 GC heap before
{Heap before GC invocations=13 (full 1):
 PSYoungGen      total 14848K, used 824K [0x00000007d5580000, 0x00000007d6e80000, 0x0000000800000000)
  eden space 13824K, 0% used [0x00000007d5580000,0x00000007d5580000,0x00000007d6300000)
  from space 1024K, 80% used [0x00000007d6d80000,0x00000007d6e4e010,0x00000007d6e80000)
  to   space 1536K, 0% used [0x00000007d6b80000,0x00000007d6b80000,0x00000007d6d00000)
 ParOldGen       total 68608K, used 34119K [0x0000000780000000, 0x0000000784300000, 0x00000007d5580000)
  object space 68608K, 49% used [0x0000000780000000,0x0000000782151f40,0x0000000784300000)
 Metaspace       used 20716K, committed 21504K, reserved 1114112K
  class space    used 2153K, committed 2496K, reserved 1048576K
}
Event: 22.893 GC heap after
{Heap after GC invocations=13 (full 1):
 PSYoungGen      total 14848K, used 0K [0x00000007d5580000, 0x00000007d6e80000, 0x0000000800000000)
  eden space 13824K, 0% used [0x00000007d5580000,0x00000007d5580000,0x00000007d6300000)
  from space 1024K, 0% used [0x00000007d6d80000,0x00000007d6d80000,0x00000007d6e80000)
  to   space 1536K, 0% used [0x00000007d6b80000,0x00000007d6b80000,0x00000007d6d00000)
 ParOldGen       total 68608K, used 32993K [0x0000000780000000, 0x0000000784300000, 0x00000007d5580000)
  object space 68608K, 48% used [0x0000000780000000,0x0000000782038540,0x0000000784300000)
 Metaspace       used 20704K, committed 21504K, reserved 1114112K
  class space    used 2150K, committed 2496K, reserved 1048576K
}
Event: 23.022 GC heap before
{Heap before GC invocations=14 (full 1):
 PSYoungGen      total 14848K, used 13824K [0x00000007d5580000, 0x00000007d6e80000, 0x0000000800000000)
  eden space 13824K, 100% used [0x00000007d5580000,0x00000007d6300000,0x00000007d6300000)
  from space 1024K, 0% used [0x00000007d6d80000,0x00000007d6d80000,0x00000007d6e80000)
  to   space 1536K, 0% used [0x00000007d6b80000,0x00000007d6b80000,0x00000007d6d00000)
 ParOldGen       total 68608K, used 32993K [0x0000000780000000, 0x0000000784300000, 0x00000007d5580000)
  object space 68608K, 48% used [0x0000000780000000,0x0000000782038540,0x0000000784300000)
 Metaspace       used 21546K, committed 22336K, reserved 1114112K
  class space    used 2220K, committed 2560K, reserved 1048576K
}
Event: 23.034 GC heap after
{Heap after GC invocations=14 (full 1):
 PSYoungGen      total 15360K, used 1525K [0x00000007d5580000, 0x00000007d6e00000, 0x0000000800000000)
  eden space 13824K, 0% used [0x00000007d5580000,0x00000007d5580000,0x00000007d6300000)
  from space 1536K, 99% used [0x00000007d6b80000,0x00000007d6cfd520,0x00000007d6d00000)
  to   space 1024K, 0% used [0x00000007d6d00000,0x00000007d6d00000,0x00000007d6e00000)
 ParOldGen       total 68608K, used 33631K [0x0000000780000000, 0x0000000784300000, 0x00000007d5580000)
  object space 68608K, 49% used [0x0000000780000000,0x00000007820d7d68,0x0000000784300000)
 Metaspace       used 21546K, committed 22336K, reserved 1114112K
  class space    used 2220K, committed 2560K, reserved 1048576K
}
Event: 23.475 GC heap before
{Heap before GC invocations=15 (full 1):
 PSYoungGen      total 15360K, used 15349K [0x00000007d5580000, 0x00000007d6e00000, 0x0000000800000000)
  eden space 13824K, 99% used [0x00000007d5580000,0x00000007d62fffd8,0x00000007d6300000)
  from space 1536K, 99% used [0x00000007d6b80000,0x00000007d6cfd520,0x00000007d6d00000)
  to   space 1024K, 0% used [0x00000007d6d00000,0x00000007d6d00000,0x00000007d6e00000)
 ParOldGen       total 68608K, used 33631K [0x0000000780000000, 0x0000000784300000, 0x00000007d5580000)
  object space 68608K, 49% used [0x0000000780000000,0x00000007820d7d68,0x0000000784300000)
 Metaspace       used 23086K, committed 24000K, reserved 1114112K
  class space    used 2359K, committed 2752K, reserved 1048576K
}
Event: 23.486 GC heap after
{Heap after GC invocations=15 (full 1):
 PSYoungGen      total 14848K, used 608K [0x00000007d5580000, 0x00000007d6e00000, 0x0000000800000000)
  eden space 13824K, 0% used [0x00000007d5580000,0x00000007d5580000,0x00000007d6300000)
  from space 1024K, 59% used [0x00000007d6d00000,0x00000007d6d981f0,0x00000007d6e00000)
  to   space 1536K, 0% used [0x00000007d6b00000,0x00000007d6b00000,0x00000007d6c80000)
 ParOldGen       total 68608K, used 33836K [0x0000000780000000, 0x0000000784300000, 0x00000007d5580000)
  object space 68608K, 49% used [0x0000000780000000,0x000000078210b250,0x0000000784300000)
 Metaspace       used 23086K, committed 24000K, reserved 1114112K
  class space    used 2359K, committed 2752K, reserved 1048576K
}
Event: 23.787 GC heap before
{Heap before GC invocations=16 (full 1):
 PSYoungGen      total 14848K, used 14432K [0x00000007d5580000, 0x00000007d6e00000, 0x0000000800000000)
  eden space 13824K, 100% used [0x00000007d5580000,0x00000007d6300000,0x00000007d6300000)
  from space 1024K, 59% used [0x00000007d6d00000,0x00000007d6d981f0,0x00000007d6e00000)
  to   space 1536K, 0% used [0x00000007d6b00000,0x00000007d6b00000,0x00000007d6c80000)
 ParOldGen       total 68608K, used 33836K [0x0000000780000000, 0x0000000784300000, 0x00000007d5580000)
  object space 68608K, 49% used [0x0000000780000000,0x000000078210b2c8,0x0000000784300000)
 Metaspace       used 24952K, committed 25856K, reserved 1114112K
  class space    used 2530K, committed 2944K, reserved 1048576K
}
Event: 23.788 GC heap after
{Heap after GC invocations=16 (full 1):
 PSYoungGen      total 15360K, used 384K [0x00000007d5580000, 0x00000007d6d80000, 0x0000000800000000)
  eden space 13824K, 0% used [0x00000007d5580000,0x00000007d5580000,0x00000007d6300000)
  from space 1536K, 25% used [0x00000007d6b00000,0x00000007d6b60000,0x00000007d6c80000)
  to   space 1024K, 0% used [0x00000007d6c80000,0x00000007d6c80000,0x00000007d6d80000)
 ParOldGen       total 68608K, used 34138K [0x0000000780000000, 0x0000000784300000, 0x00000007d5580000)
  object space 68608K, 49% used [0x0000000780000000,0x0000000782156bd8,0x0000000784300000)
 Metaspace       used 24952K, committed 25856K, reserved 1114112K
  class space    used 2530K, committed 2944K, reserved 1048576K
}
Event: 23.915 GC heap before
{Heap before GC invocations=17 (full 1):
 PSYoungGen      total 15360K, used 14208K [0x00000007d5580000, 0x00000007d6d80000, 0x0000000800000000)
  eden space 13824K, 100% used [0x00000007d5580000,0x00000007d6300000,0x00000007d6300000)
  from space 1536K, 25% used [0x00000007d6b00000,0x00000007d6b60000,0x00000007d6c80000)
  to   space 1024K, 0% used [0x00000007d6c80000,0x00000007d6c80000,0x00000007d6d80000)
 ParOldGen       total 68608K, used 34448K [0x0000000780000000, 0x0000000784300000, 0x00000007d5580000)
  object space 68608K, 50% used [0x0000000780000000,0x00000007821a40f8,0x0000000784300000)
 Metaspace       used 26930K, committed 27776K, reserved 1114112K
  class space    used 2758K, committed 3136K, reserved 1048576K
}
Event: 23.916 GC heap after
{Heap after GC invocations=17 (full 1):
 PSYoungGen      total 14848K, used 980K [0x00000007d5580000, 0x00000007d6d80000, 0x0000000800000000)
  eden space 13824K, 0% used [0x00000007d5580000,0x00000007d5580000,0x00000007d6300000)
  from space 1024K, 95% used [0x00000007d6c80000,0x00000007d6d75100,0x00000007d6d80000)
  to   space 1536K, 0% used [0x00000007d6a80000,0x00000007d6a80000,0x00000007d6c00000)
 ParOldGen       total 68608K, used 34895K [0x0000000780000000, 0x0000000784300000, 0x00000007d5580000)
  object space 68608K, 50% used [0x0000000780000000,0x0000000782213e48,0x0000000784300000)
 Metaspace       used 26930K, committed 27776K, reserved 1114112K
  class space    used 2758K, committed 3136K, reserved 1048576K
}
Event: 24.169 GC heap before
{Heap before GC invocations=18 (full 1):
 PSYoungGen      total 14848K, used 14676K [0x00000007d5580000, 0x00000007d6d80000, 0x0000000800000000)
  eden space 13824K, 99% used [0x00000007d5580000,0x00000007d62e02a8,0x00000007d6300000)
  from space 1024K, 95% used [0x00000007d6c80000,0x00000007d6d75100,0x00000007d6d80000)
  to   space 1536K, 0% used [0x00000007d6a80000,0x00000007d6a80000,0x00000007d6c00000)
 ParOldGen       total 68608K, used 34895K [0x0000000780000000, 0x0000000784300000, 0x00000007d5580000)
  object space 68608K, 50% used [0x0000000780000000,0x0000000782213e48,0x0000000784300000)
 Metaspace       used 28532K, committed 29376K, reserved 1114112K
  class space    used 2929K, committed 3264K, reserved 1048576K
}
Event: 24.170 GC heap after
{Heap after GC invocations=18 (full 1):
 PSYoungGen      total 15360K, used 494K [0x00000007d5580000, 0x00000007d6d00000, 0x0000000800000000)
  eden space 13824K, 0% used [0x00000007d5580000,0x00000007d5580000,0x00000007d6300000)
  from space 1536K, 32% used [0x00000007d6a80000,0x00000007d6afb890,0x00000007d6c00000)
  to   space 1024K, 0% used [0x00000007d6c00000,0x00000007d6c00000,0x00000007d6d00000)
 ParOldGen       total 68608K, used 35101K [0x0000000780000000, 0x0000000784300000, 0x00000007d5580000)
  object space 68608K, 51% used [0x0000000780000000,0x0000000782247700,0x0000000784300000)
 Metaspace       used 28532K, committed 29376K, reserved 1114112K
  class space    used 2929K, committed 3264K, reserved 1048576K
}
Event: 24.312 GC heap before
{Heap before GC invocations=19 (full 1):
 PSYoungGen      total 15360K, used 14318K [0x00000007d5580000, 0x00000007d6d00000, 0x0000000800000000)
  eden space 13824K, 100% used [0x00000007d5580000,0x00000007d6300000,0x00000007d6300000)
  from space 1536K, 32% used [0x00000007d6a80000,0x00000007d6afb890,0x00000007d6c00000)
  to   space 1024K, 0% used [0x00000007d6c00000,0x00000007d6c00000,0x00000007d6d00000)
 ParOldGen       total 68608K, used 35101K [0x0000000780000000, 0x0000000784300000, 0x00000007d5580000)
  object space 68608K, 51% used [0x0000000780000000,0x0000000782247700,0x0000000784300000)
 Metaspace       used 28951K, committed 29760K, reserved 1114112K
  class space    used 2948K, committed 3264K, reserved 1048576K
}
Event: 24.324 GC heap after
{Heap after GC invocations=19 (full 1):
 PSYoungGen      total 14336K, used 352K [0x00000007d5580000, 0x00000007d6c80000, 0x0000000800000000)
  eden space 13824K, 0% used [0x00000007d5580000,0x00000007d5580000,0x00000007d6300000)
  from space 512K, 68% used [0x00000007d6c00000,0x00000007d6c58000,0x00000007d6c80000)
  to   space 512K, 0% used [0x00000007d6b80000,0x00000007d6b80000,0x00000007d6c00000)
 ParOldGen       total 68608K, used 36998K [0x0000000780000000, 0x0000000784300000, 0x00000007d5580000)
  object space 68608K, 53% used [0x0000000780000000,0x0000000782421900,0x0000000784300000)
 Metaspace       used 28951K, committed 29760K, reserved 1114112K
  class space    used 2948K, committed 3264K, reserved 1048576K
}
Event: 24.427 GC heap before
{Heap before GC invocations=20 (full 1):
 PSYoungGen      total 14336K, used 14176K [0x00000007d5580000, 0x00000007d6c80000, 0x0000000800000000)
  eden space 13824K, 100% used [0x00000007d5580000,0x00000007d6300000,0x00000007d6300000)
  from space 512K, 68% used [0x00000007d6c00000,0x00000007d6c58000,0x00000007d6c80000)
  to   space 512K, 0% used [0x00000007d6b80000,0x00000007d6b80000,0x00000007d6c00000)
 ParOldGen       total 68608K, used 36998K [0x0000000780000000, 0x0000000784300000, 0x00000007d5580000)
  object space 68608K, 53% used [0x0000000780000000,0x0000000782421900,0x0000000784300000)
 Metaspace       used 29585K, committed 30464K, reserved 1114112K
  class space    used 3012K, committed 3392K, reserved 1048576K
}
Event: 24.439 GC heap after
{Heap after GC invocations=20 (full 1):
 PSYoungGen      total 14336K, used 509K [0x00000007d5580000, 0x00000007d6c80000, 0x0000000800000000)
  eden space 13824K, 0% used [0x00000007d5580000,0x00000007d5580000,0x00000007d6300000)
  from space 512K, 99% used [0x00000007d6b80000,0x00000007d6bff600,0x00000007d6c00000)
  to   space 512K, 0% used [0x00000007d6c00000,0x00000007d6c00000,0x00000007d6c80000)
 ParOldGen       total 68608K, used 37206K [0x0000000780000000, 0x0000000784300000, 0x00000007d5580000)
  object space 68608K, 54% used [0x0000000780000000,0x0000000782455940,0x0000000784300000)
 Metaspace       used 29585K, committed 30464K, reserved 1114112K
  class space    used 3012K, committed 3392K, reserved 1048576K
}
Event: 25.025 GC heap before
{Heap before GC invocations=21 (full 1):
 PSYoungGen      total 14336K, used 14333K [0x00000007d5580000, 0x00000007d6c80000, 0x0000000800000000)
  eden space 13824K, 100% used [0x00000007d5580000,0x00000007d6300000,0x00000007d6300000)
  from space 512K, 99% used [0x00000007d6b80000,0x00000007d6bff600,0x00000007d6c00000)
  to   space 512K, 0% used [0x00000007d6c00000,0x00000007d6c00000,0x00000007d6c80000)
 ParOldGen       total 68608K, used 37206K [0x0000000780000000, 0x0000000784300000, 0x00000007d5580000)
  object space 68608K, 54% used [0x0000000780000000,0x0000000782455940,0x0000000784300000)
 Metaspace       used 30815K, committed 31616K, reserved 1114112K
  class space    used 3143K, committed 3456K, reserved 1048576K
}
Event: 25.026 GC heap after
{Heap after GC invocations=21 (full 1):
 PSYoungGen      total 14336K, used 512K [0x00000007d5580000, 0x00000007d6c80000, 0x0000000800000000)
  eden space 13824K, 0% used [0x00000007d5580000,0x00000007d5580000,0x00000007d6300000)
  from space 512K, 100% used [0x00000007d6c00000,0x00000007d6c80000,0x00000007d6c80000)
  to   space 1536K, 0% used [0x00000007d6980000,0x00000007d6980000,0x00000007d6b00000)
 ParOldGen       total 68608K, used 37965K [0x0000000780000000, 0x0000000784300000, 0x00000007d5580000)
  object space 68608K, 55% used [0x0000000780000000,0x00000007825136f0,0x0000000784300000)
 Metaspace       used 30815K, committed 31616K, reserved 1114112K
  class space    used 3143K, committed 3456K, reserved 1048576K
}

Dll operation events (20 events):
Event: 0.521 Loaded shared library /Users/stong_mac/.antigravity/extensions/redhat.java-1.52.0-darwin-x64/jre/21.0.9-macosx-x86_64/lib/libnio.dylib
Event: 0.525 Loaded shared library /Users/stong_mac/.antigravity/extensions/redhat.java-1.52.0-darwin-x64/jre/21.0.9-macosx-x86_64/lib/libzip.dylib
Event: 0.544 Loaded shared library /Users/stong_mac/.antigravity/extensions/redhat.java-1.52.0-darwin-x64/jre/21.0.9-macosx-x86_64/lib/libjimage.dylib
Event: 1.009 Loaded shared library /Users/stong_mac/.antigravity/extensions/redhat.java-1.52.0-darwin-x64/jre/21.0.9-macosx-x86_64/lib/libverify.dylib
Event: 4.916 Loaded shared library /Users/stong_mac/.antigravity/extensions/redhat.java-1.52.0-darwin-x64/jre/21.0.9-macosx-x86_64/lib/libnet.dylib
Event: 8.337 Loaded shared library /Users/stong_mac/Library/Application Support/Antigravity/User/globalStorage/redhat.java/1.52.0/config_mac/org.eclipse.equinox.launcher/org.eclipse.equinox.launcher.cocoa.macosx.x86_64_1.2.1400.v20250801-0854/eclipse_11916.so
Event: 17.798 Loading shared library /Users/stong_mac/.antigravity/extensions/redhat.java-1.52.0-darwin-x64/jre/21.0.9-macosx-x86_64/lib/libunixfile_1_0_0.dylib failed, dlopen(/Users/stong_mac/.antigravity/extensions/redhat.java-1.52.0-darwin-x64/jre/21.0.9-macosx-x86_
Event: 17.798 Loading shared library /Users/stong_mac/.antigravity/extensions/redhat.java-1.52.0-darwin-x64/jre/21.0.9-macosx-x86_64/lib/libunixfile_1_0_0.jnilib failed, dlopen(/Users/stong_mac/.antigravity/extensions/redhat.java-1.52.0-darwin-x64/jre/21.0.9-macosx-x86
Event: 17.799 Loading shared library /Users/stong_mac/Library/Java/Extensions/libunixfile_1_0_0.dylib failed, dlopen(/Users/stong_mac/Library/Java/Extensions/libunixfile_1_0_0.dylib, 0x0001): tried: '/Users/stong_mac/Library/Java/Extensions/libunixfile_1_0_0.dylib' (no
Event: 17.799 Loading shared library /Users/stong_mac/Library/Java/Extensions/libunixfile_1_0_0.jnilib failed, dlopen(/Users/stong_mac/Library/Java/Extensions/libunixfile_1_0_0.jnilib, 0x0001): tried: '/Users/stong_mac/Library/Java/Extensions/libunixfile_1_0_0.jnilib' 
Event: 17.800 Loading shared library /Library/Java/Extensions/libunixfile_1_0_0.dylib failed, dlopen(/Library/Java/Extensions/libunixfile_1_0_0.dylib, 0x0001): tried: '/Library/Java/Extensions/libunixfile_1_0_0.dylib' (no such file), '/System/Volumes/Preboot/Cryptexes/
Event: 17.800 Loading shared library /Library/Java/Extensions/libunixfile_1_0_0.jnilib failed, dlopen(/Library/Java/Extensions/libunixfile_1_0_0.jnilib, 0x0001): tried: '/Library/Java/Extensions/libunixfile_1_0_0.jnilib' (no such file), '/System/Volumes/Preboot/Cryptex
Event: 17.800 Loading shared library /Network/Library/Java/Extensions/libunixfile_1_0_0.dylib failed, dlopen(/Network/Library/Java/Extensions/libunixfile_1_0_0.dylib, 0x0001): tried: '/Network/Library/Java/Extensions/libunixfile_1_0_0.dylib' (no such file), '/System/Vo
Event: 17.800 Loading shared library /Network/Library/Java/Extensions/libunixfile_1_0_0.jnilib failed, dlopen(/Network/Library/Java/Extensions/libunixfile_1_0_0.jnilib, 0x0001): tried: '/Network/Library/Java/Extensions/libunixfile_1_0_0.jnilib' (no such file), '/System
Event: 17.801 Loading shared library /System/Library/Java/Extensions/libunixfile_1_0_0.dylib failed, dlopen(/System/Library/Java/Extensions/libunixfile_1_0_0.dylib, 0x0001): tried: '/System/Library/Java/Extensions/libunixfile_1_0_0.dylib' (no such file), '/System/Volum
Event: 17.801 Loading shared library /System/Library/Java/Extensions/libunixfile_1_0_0.jnilib failed, dlopen(/System/Library/Java/Extensions/libunixfile_1_0_0.jnilib, 0x0001): tried: '/System/Library/Java/Extensions/libunixfile_1_0_0.jnilib' (no such file), '/System/Vo
Event: 17.801 Loading shared library /usr/lib/java/libunixfile_1_0_0.dylib failed, dlopen(/usr/lib/java/libunixfile_1_0_0.dylib, 0x0001): tried: '/usr/lib/java/libunixfile_1_0_0.dylib' (no such file), '/System/Volumes/Preboot/Cryptexes/OS/usr/lib/java/libunixfile_1_0_0
Event: 17.801 Loading shared library /usr/lib/java/libunixfile_1_0_0.jnilib failed, dlopen(/usr/lib/java/libunixfile_1_0_0.jnilib, 0x0001): tried: '/usr/lib/java/libunixfile_1_0_0.jnilib' (no such file), '/System/Volumes/Preboot/Cryptexes/OS/usr/lib/java/libunixfile_1_
Event: 17.801 Loading shared library /Volumes/diskD/persion_project/rocketchat/mobile/Rocket.Chat.ReactNative/libunixfile_1_0_0.dylib failed, dlopen(/Volumes/diskD/persion_project/rocketchat/mobile/Rocket.Chat.ReactNative/libunixfile_1_0_0.dylib, 0x0001): tried: '/Volu
Event: 17.802 Loading shared library /Volumes/diskD/persion_project/rocketchat/mobile/Rocket.Chat.ReactNative/libunixfile_1_0_0.jnilib failed, dlopen(/Volumes/diskD/persion_project/rocketchat/mobile/Rocket.Chat.ReactNative/libunixfile_1_0_0.jnilib, 0x0001): tried: '/Vo

Deoptimization events (20 events):
Event: 24.573 Thread 0x00007fa3f103e400 Uncommon trap: trap_request=0xffffff45 fr.pc=0x000000011bbb1d18 relative=0x0000000000001b58
Event: 24.573 Thread 0x00007fa3f103e400 Uncommon trap: reason=unstable_if action=reinterpret pc=0x000000011bbb1d18 method=java.util.Properties.loadConvert([CIILjava/lang/StringBuilder;)Ljava/lang/String; @ 463 c2
Event: 24.573 Thread 0x00007fa3f103e400 DEOPT PACKING pc=0x000000011bbb1d18 sp=0x000070000d3bb520
Event: 24.573 Thread 0x00007fa3f103e400 DEOPT UNPACKING pc=0x000000011b514399 sp=0x000070000d3bb520 mode 2
Event: 24.576 Thread 0x00007fa3f103e400 DEOPT PACKING pc=0x000000011489c7d6 sp=0x000070000d3bb4e0
Event: 24.576 Thread 0x00007fa3f103e400 DEOPT UNPACKING pc=0x000000011b514b2f sp=0x000070000d3baa10 mode 0
Event: 24.660 Thread 0x00007fa3f103e400 Uncommon trap: trap_request=0xffffff45 fr.pc=0x000000011bb6cf70 relative=0x00000000000002d0
Event: 24.660 Thread 0x00007fa3f103e400 Uncommon trap: reason=unstable_if action=reinterpret pc=0x000000011bb6cf70 method=java.lang.AbstractStringBuilder.appendChars([CII)V @ 10 c2
Event: 24.660 Thread 0x00007fa3f103e400 DEOPT PACKING pc=0x000000011bb6cf70 sp=0x000070000d3bb8b0
Event: 24.660 Thread 0x00007fa3f103e400 DEOPT UNPACKING pc=0x000000011b514399 sp=0x000070000d3bb848 mode 2
Event: 24.665 Thread 0x00007fa3f103e400 DEOPT PACKING pc=0x000000011489c7d6 sp=0x000070000d3bb800
Event: 24.665 Thread 0x00007fa3f103e400 DEOPT UNPACKING pc=0x000000011b514b2f sp=0x000070000d3bad30 mode 0
Event: 24.669 Thread 0x00007fa3f103e400 Uncommon trap: trap_request=0xffffff45 fr.pc=0x000000011bb9e77c relative=0x00000000000001dc
Event: 24.669 Thread 0x00007fa3f103e400 Uncommon trap: reason=unstable_if action=reinterpret pc=0x000000011bb9e77c method=java.lang.StringConcatHelper.prepend(J[BLjava/lang/String;)J @ 13 c2
Event: 24.669 Thread 0x00007fa3f103e400 DEOPT PACKING pc=0x000000011bb9e77c sp=0x000070000d3bc140
Event: 24.669 Thread 0x00007fa3f103e400 DEOPT UNPACKING pc=0x000000011b514399 sp=0x000070000d3bc110 mode 2
Event: 24.678 Thread 0x00007fa3f103e400 DEOPT PACKING pc=0x0000000114675364 sp=0x000070000d3bd7d0
Event: 24.678 Thread 0x00007fa3f103e400 DEOPT UNPACKING pc=0x000000011b514b2f sp=0x000070000d3bcd88 mode 0
Event: 25.226 Thread 0x00007fa3f38a7800 DEOPT PACKING pc=0x00000001148cb253 sp=0x000070000dd5e570
Event: 25.226 Thread 0x00007fa3f38a7800 DEOPT UNPACKING pc=0x000000011b514b2f sp=0x000070000dd5da00 mode 0

Classes loaded (20 events):
Event: 25.245 Loading class javax/xml/catalog/CatalogFeatures
Event: 25.246 Loading class javax/xml/catalog/CatalogFeatures done
Event: 25.246 Loading class javax/xml/catalog/CatalogFeatures$Builder
Event: 25.246 Loading class javax/xml/catalog/CatalogFeatures$Builder done
Event: 25.246 Loading class jdk/xml/internal/JdkXmlFeatures
Event: 25.246 Loading class jdk/xml/internal/JdkXmlFeatures done
Event: 25.246 Loading class jdk/xml/internal/JdkXmlFeatures$XmlFeature
Event: 25.247 Loading class jdk/xml/internal/JdkXmlFeatures$XmlFeature done
Event: 25.247 Loading class jdk/xml/internal/JdkProperty$ImplPropMap
Event: 25.247 Loading class jdk/xml/internal/JdkProperty$ImplPropMap done
Event: 25.247 Loading class com/sun/org/apache/xalan/internal/utils/XMLSecurityPropertyManager
Event: 25.247 Loading class com/sun/org/apache/xalan/internal/utils/FeaturePropertyBase
Event: 25.248 Loading class com/sun/org/apache/xalan/internal/utils/FeaturePropertyBase done
Event: 25.248 Loading class com/sun/org/apache/xalan/internal/utils/XMLSecurityPropertyManager done
Event: 25.248 Loading class com/sun/org/apache/xalan/internal/utils/FeaturePropertyBase$State
Event: 25.248 Loading class com/sun/org/apache/xalan/internal/utils/FeaturePropertyBase$State done
Event: 25.248 Loading class com/sun/org/apache/xalan/internal/utils/XMLSecurityPropertyManager$Property
Event: 25.248 Loading class com/sun/org/apache/xalan/internal/utils/XMLSecurityPropertyManager$Property done
Event: 25.248 Loading class jdk/xml/internal/JdkProperty
Event: 25.248 Loading class jdk/xml/internal/JdkProperty done

Classes unloaded (7 events):
Event: 22.837 Thread 0x00007fa3f7f054e0 Unloading class 0x00000001281a9800 'java/lang/invoke/LambdaForm$MH+0x00000001281a9800'
Event: 22.837 Thread 0x00007fa3f7f054e0 Unloading class 0x00000001281a9400 'java/lang/invoke/LambdaForm$MH+0x00000001281a9400'
Event: 22.837 Thread 0x00007fa3f7f054e0 Unloading class 0x00000001281a9000 'java/lang/invoke/LambdaForm$MH+0x00000001281a9000'
Event: 22.837 Thread 0x00007fa3f7f054e0 Unloading class 0x00000001281a8c00 'java/lang/invoke/LambdaForm$MH+0x00000001281a8c00'
Event: 22.837 Thread 0x00007fa3f7f054e0 Unloading class 0x00000001281a8800 'java/lang/invoke/LambdaForm$BMH+0x00000001281a8800'
Event: 22.837 Thread 0x00007fa3f7f054e0 Unloading class 0x00000001281a8400 'java/lang/invoke/LambdaForm$DMH+0x00000001281a8400'
Event: 22.837 Thread 0x00007fa3f7f054e0 Unloading class 0x00000001281a3000 'java/lang/invoke/LambdaForm$DMH+0x00000001281a3000'

Classes redefined (0 events):
No events

Internal exceptions (20 events):
Event: 23.299 Thread 0x00007fa4180f1200 Exception <a 'java/lang/NoSuchMethodError'{0x00000007d5b054a8}: 'java.lang.Object java.lang.invoke.DirectMethodHandle$Holder.invokeStaticInit(java.lang.Object, java.lang.Object, java.lang.Object, java.lang.Object, java.lang.Object, java.lang.Object, java.lang.Object)'> (0x00000007d5b054a8) 
thrown [src/hotspot/share/interpreter/linkResolver.cpp, line 773]
Event: 23.299 Thread 0x00007fa3f38a7800 Exception <a 'java/lang/NoSuchMethodError'{0x00000007d5bce4a0}: 'java.lang.Object java.lang.invoke.DirectMethodHandle$Holder.invokeStaticInit(java.lang.Object, java.lang.Object, java.lang.Object, java.lang.Object, java.lang.Object, java.lang.Object, java.lang.Object)'> (0x00000007d5bce4a0) 
thrown [src/hotspot/share/interpreter/linkResolver.cpp, line 773]
Event: 23.300 Thread 0x00007fa4180f1200 Exception <a 'java/lang/NoSuchMethodError'{0x00000007d5bd2308}: 'java.lang.Object java.lang.invoke.Invokers$Holder.invoke_MT(java.lang.Object, java.lang.Object, java.lang.Object, java.lang.Object, java.lang.Object, java.lang.Object, java.lang.Object, java.lang.Object, java.lang.Object)'> (0x00000007d5bd2308) 
thrown [src/hotspot/share/interpreter/linkResolver.cpp, line 773]
Event: 23.300 Thread 0x00007fa3f38a7800 Exception <a 'java/lang/NoSuchMethodError'{0x00000007d5bde618}: 'java.lang.Object java.lang.invoke.Invokers$Holder.invoke_MT(java.lang.Object, java.lang.Object, java.lang.Object, java.lang.Object, java.lang.Object, java.lang.Object, java.lang.Object, java.lang.Object, java.lang.Object)'> (0x00000007d5bde618) 
thrown [src/hotspot/share/interpreter/linkResolver.cpp, line 773]
Event: 23.304 Thread 0x00007fa3f38a7800 Exception <a 'java/lang/NoSuchMethodError'{0x00000007d5c39b78}: 'int java.lang.invoke.DirectMethodHandle$Holder.invokeVirtual(java.lang.Object, java.lang.Object, java.lang.Object)'> (0x00000007d5c39b78) 
thrown [src/hotspot/share/interpreter/linkResolver.cpp, line 773]
Event: 23.304 Thread 0x00007fa3f38a7800 Exception <a 'java/lang/NoSuchMethodError'{0x00000007d5c3e0b8}: 'int java.lang.invoke.DirectMethodHandle$Holder.invokeStaticInit(java.lang.Object, int, int)'> (0x00000007d5c3e0b8) 
thrown [src/hotspot/share/interpreter/linkResolver.cpp, line 773]
Event: 23.305 Thread 0x00007fa3f38a7800 Exception <a 'java/lang/NoSuchMethodError'{0x00000007d5c45cc8}: 'int java.lang.invoke.DirectMethodHandle$Holder.invokeStaticInit(java.lang.Object, long, long)'> (0x00000007d5c45cc8) 
thrown [src/hotspot/share/interpreter/linkResolver.cpp, line 773]
Event: 23.305 Thread 0x00007fa3f38a7800 Exception <a 'java/lang/NoSuchMethodError'{0x00000007d5c4ce90}: 'int java.lang.invoke.DirectMethodHandle$Holder.invokeStaticInit(java.lang.Object, float, float)'> (0x00000007d5c4ce90) 
thrown [src/hotspot/share/interpreter/linkResolver.cpp, line 773]
Event: 23.305 Thread 0x00007fa3f38a7800 Exception <a 'java/lang/NoSuchMethodError'{0x00000007d5c53de8}: 'int java.lang.invoke.DirectMethodHandle$Holder.invokeStaticInit(java.lang.Object, double, double)'> (0x00000007d5c53de8) 
thrown [src/hotspot/share/interpreter/linkResolver.cpp, line 773]
Event: 23.306 Thread 0x00007fa3f38a7800 Exception <a 'java/lang/NoSuchMethodError'{0x00000007d5c587d8}: 'int java.lang.invoke.DirectMethodHandle$Holder.invokeStatic(java.lang.Object, long)'> (0x00000007d5c587d8) 
thrown [src/hotspot/share/interpreter/linkResolver.cpp, line 773]
Event: 23.307 Thread 0x00007fa3f38a7800 Exception <a 'java/lang/NoSuchMethodError'{0x00000007d5c84228}: 'int java.lang.invoke.Invokers$Holder.linkToTargetMethod(java.lang.Object, java.lang.Object)'> (0x00000007d5c84228) 
thrown [src/hotspot/share/interpreter/linkResolver.cpp, line 773]
Event: 23.308 Thread 0x00007fa4180f1200 Exception <a 'java/lang/NoSuchMethodError'{0x00000007d5c8eb60}: 'int java.lang.invoke.DirectMethodHandle$Holder.invokeSpecial(java.lang.Object, java.lang.Object, java.lang.Object, java.lang.Object)'> (0x00000007d5c8eb60) 
thrown [src/hotspot/share/interpreter/linkResolver.cpp, line 773]
Event: 23.310 Thread 0x00007fa4180f1200 Exception <a 'java/lang/NoSuchMethodError'{0x00000007d5cb6d60}: 'java.lang.Object java.lang.invoke.DirectMethodHandle$Holder.invokeStatic(java.lang.Object, int, java.lang.Object, java.lang.Object)'> (0x00000007d5cb6d60) 
thrown [src/hotspot/share/interpreter/linkResolver.cpp, line 773]
Event: 23.310 Thread 0x00007fa4180f1200 Exception <a 'java/lang/NoSuchMethodError'{0x00000007d5cba560}: 'java.lang.Object java.lang.invoke.DelegatingMethodHandle$Holder.delegate(java.lang.Object, int, java.lang.Object, java.lang.Object)'> (0x00000007d5cba560) 
thrown [src/hotspot/share/interpreter/linkResolver.cpp, line 773]
Event: 23.312 Thread 0x00007fa4180f1200 Exception <a 'java/lang/NoSuchMethodError'{0x00000007d5cf1770}: 'int java.lang.invoke.Invokers$Holder.linkToTargetMethod(java.lang.Object, java.lang.Object, java.lang.Object)'> (0x00000007d5cf1770) 
thrown [src/hotspot/share/interpreter/linkResolver.cpp, line 773]
Event: 23.376 Thread 0x00007fa3f38a7800 Exception <a 'java/lang/NoSuchMethodError'{0x00000007d5fa1b30}: 'java.lang.Object java.lang.invoke.DirectMethodHandle$Holder.invokeSpecialIFC(java.lang.Object, java.lang.Object, java.lang.Object, java.lang.Object)'> (0x00000007d5fa1b30) 
thrown [src/hotspot/share/interpreter/linkResolver.cpp, line 773]
Event: 24.341 Thread 0x00007fa3f38a7800 Exception <a 'java/lang/NoClassDefFoundError'{0x00000007d56161a8}: javax/enterprise/inject/Typed> (0x00000007d56161a8) 
thrown [src/hotspot/share/classfile/systemDictionary.cpp, line 301]
Event: 24.658 Thread 0x00007fa3f103e400 Exception <a 'java/lang/ClassNotFoundException'{0x00000007d5a6bda8}: com/sun/org/apache/xerces/internal/impl/msg/spi/DOMMessagesProvider> (0x00000007d5a6bda8) 
thrown [src/hotspot/share/classfile/systemDictionary.cpp, line 312]
Event: 24.661 Thread 0x00007fa3f103e400 Exception <a 'java/lang/ClassNotFoundException'{0x00000007d5a8e8e8}: com/sun/org/apache/xerces/internal/impl/msg/spi/XMLSerializerMessagesProvider> (0x00000007d5a8e8e8) 
thrown [src/hotspot/share/classfile/systemDictionary.cpp, line 312]
Event: 24.662 Thread 0x00007fa3f103e400 Exception <a 'java/lang/ClassNotFoundException'{0x00000007d5b41348}: com/sun/org/apache/xerces/internal/impl/msg/spi/XMLMessagesProvider> (0x00000007d5b41348) 
thrown [src/hotspot/share/classfile/systemDictionary.cpp, line 312]

ZGC Phase Switch (0 events):
No events

VM Operations (20 events):
Event: 23.777 Executing VM operation: ParallelGCSystemGC (GCLocker Initiated GC)
Event: 23.788 Executing VM operation: ParallelGCSystemGC (GCLocker Initiated GC) done
Event: 23.915 Executing VM operation: ParallelGCFailedAllocation (Allocation Failure)
Event: 23.916 Executing VM operation: ParallelGCFailedAllocation (Allocation Failure) done
Event: 24.169 Executing VM operation: ParallelGCFailedAllocation (Allocation Failure)
Event: 24.170 Executing VM operation: ParallelGCFailedAllocation (Allocation Failure) done
Event: 24.172 Executing VM operation: HandshakeAllThreads (Deoptimize)
Event: 24.189 Executing VM operation: HandshakeAllThreads (Deoptimize) done
Event: 24.289 Executing VM operation: ParallelGCFailedAllocation (Allocation Failure)
Event: 24.324 Executing VM operation: ParallelGCFailedAllocation (Allocation Failure) done
Event: 24.427 Executing VM operation: ParallelGCFailedAllocation (Allocation Failure)
Event: 24.439 Executing VM operation: ParallelGCFailedAllocation (Allocation Failure) done
Event: 24.960 Executing VM operation: HandshakeAllThreads (Deoptimize)
Event: 25.014 Executing VM operation: HandshakeAllThreads (Deoptimize) done
Event: 25.017 Executing VM operation: HandshakeAllThreads (Deoptimize)
Event: 25.017 Executing VM operation: HandshakeAllThreads (Deoptimize) done
Event: 25.020 Executing VM operation: HandshakeAllThreads (Deoptimize)
Event: 25.022 Executing VM operation: HandshakeAllThreads (Deoptimize) done
Event: 25.023 Executing VM operation: ParallelGCFailedAllocation (Allocation Failure)
Event: 25.026 Executing VM operation: ParallelGCFailedAllocation (Allocation Failure) done

Memory protections (20 events):
Event: 0.043 Protecting memory [0x000070000c498000,0x000070000c49c000] with protection modes 0
Event: 0.043 Protecting memory [0x000070000c59b000,0x000070000c59f000] with protection modes 0
Event: 0.043 Protecting memory [0x000070000c69e000,0x000070000c6a2000] with protection modes 0
Event: 0.043 Protecting memory [0x000070000c7a1000,0x000070000c7a5000] with protection modes 0
Event: 0.053 Protecting memory [0x000070000c8a4000,0x000070000c8a8000] with protection modes 0
Event: 0.519 Protecting memory [0x000070000c9a7000,0x000070000c9ab000] with protection modes 0
Event: 1.683 Protecting memory [0x000070000caaa000,0x000070000caae000] with protection modes 0
Event: 6.550 Protecting memory [0x000070000ceb6000,0x000070000ceba000] with protection modes 0
Event: 7.992 Protecting memory [0x000070000cfb9000,0x000070000cfbd000] with protection modes 0
Event: 8.331 Protecting memory [0x000070000d1bf000,0x000070000d1c3000] with protection modes 0
Event: 8.341 Protecting memory [0x000070000d2c2000,0x000070000d2c6000] with protection modes 0
Event: 10.564 Protecting memory [0x000070000d54b000,0x000070000d54f000] with protection modes 0
Event: 13.354 Protecting memory [0x000070000d64e000,0x000070000d652000] with protection modes 0
Event: 15.426 Protecting memory [0x000070000d854000,0x000070000d858000] with protection modes 0
Event: 18.273 Protecting memory [0x000070000dc60000,0x000070000dc64000] with protection modes 0
Event: 20.238 Protecting memory [0x000070000dd63000,0x000070000dd67000] with protection modes 0
Event: 20.439 Protecting memory [0x000070000de66000,0x000070000de6a000] with protection modes 0
Event: 23.285 Protecting memory [0x000070000df69000,0x000070000df6d000] with protection modes 0
Event: 23.298 Protecting memory [0x000070000e06c000,0x000070000e070000] with protection modes 0
Event: 24.677 Protecting memory [0x000070000e16f000,0x000070000e173000] with protection modes 0

Nmethod flushes (0 events):
No events

Events (20 events):
Event: 0.043 Thread 0x00007fa3f1008200 Thread added: 0x00007fa3f1808800
Event: 0.043 Thread 0x00007fa3f1008200 Thread added: 0x00007fa3f300cc00
Event: 0.043 Thread 0x00007fa3f1008200 Thread added: 0x00007fa3f180a000
Event: 0.043 Thread 0x00007fa3f1008200 Thread added: 0x00007fa3f180cc00
Event: 0.053 Thread 0x00007fa3f1008200 Thread added: 0x00007fa401022800
Event: 0.519 Thread 0x00007fa3f1008200 Thread added: 0x00007fa3f300b000
Event: 1.683 Thread 0x00007fa3f1008200 Thread added: 0x00007fa418083600
Event: 6.550 Thread 0x00007fa3f1008200 Thread added: 0x00007fa3f102be00
Event: 7.992 Thread 0x00007fa3f1008200 Thread added: 0x00007fa3f2886000
Event: 8.331 Thread 0x00007fa3f2886000 Thread added: 0x00007fa3f102c600
Event: 8.341 Thread 0x00007fa3f1008200 Thread added: 0x00007fa3f103e400
Event: 10.564 Thread 0x00007fa3f103e400 Thread added: 0x00007fa41906c000
Event: 13.354 Thread 0x00007fa3f103e400 Thread added: 0x00007fa3f18ed200
Event: 15.426 Thread 0x00007fa3f103e400 Thread added: 0x00007fa3f389f000
Event: 18.273 Thread 0x00007fa3f103e400 Thread added: 0x00007fa3f38a7800
Event: 20.238 Thread 0x00007fa3f103e400 Thread added: 0x00007fa3f4026400
Event: 20.439 Thread 0x00007fa3f4026400 Thread added: 0x00007fa3f3019a00
Event: 23.285 Thread 0x00007fa3f38a7800 Thread added: 0x00007fa4180f1200
Event: 23.298 Thread 0x00007fa4180f1200 Thread added: 0x00007fa3f3032000
Event: 24.677 Thread 0x00007fa3f103e400 Thread added: 0x00007fa4181a3400


Dynamic libraries:
0x00000001082ff000 	/Users/stong_mac/.antigravity/extensions/redhat.java-1.52.0-darwin-x64/jre/21.0.9-macosx-x86_64/lib/libjli.dylib
0x00007ff8399c7000 	/System/Library/Frameworks/Cocoa.framework/Versions/A/Cocoa
0x00007ff820169000 	/System/Library/Frameworks/AppKit.framework/Versions/C/AppKit
0x00007ff8236f2000 	/System/Library/Frameworks/CoreData.framework/Versions/A/CoreData
0x00007ff81d82f000 	/System/Library/Frameworks/Foundation.framework/Versions/C/Foundation
0x00007ff82ab9a000 	/usr/lib/libSystem.B.dylib
0x00007ff8216bb000 	/System/Library/PrivateFrameworks/UIFoundation.framework/Versions/A/UIFoundation
0x00007ffb3291f000 	/System/Library/PrivateFrameworks/CollectionViewCore.framework/Versions/A/CollectionViewCore
0x00007ff828483000 	/System/Library/PrivateFrameworks/XCTTargetBootstrap.framework/Versions/A/XCTTargetBootstrap
0x00007ff82d7df000 	/System/Library/PrivateFrameworks/InternationalSupport.framework/Versions/A/InternationalSupport
0x00007ff82db2e000 	/System/Library/PrivateFrameworks/UserActivity.framework/Versions/A/UserActivity
0x00007ffd1f934000 	/System/Library/PrivateFrameworks/UIIntelligenceSupport.framework/Versions/A/UIIntelligenceSupport
0x00007ffb29787000 	/System/Library/Frameworks/SwiftUICore.framework/Versions/A/SwiftUICore
0x00007ffd2452e000 	/System/Library/PrivateFrameworks/WritingTools.framework/Versions/A/WritingTools
0x00007ffd23680000 	/System/Library/PrivateFrameworks/WindowManagement.framework/Versions/A/WindowManagement
0x00007ff81d4ba000 	/System/Library/Frameworks/SystemConfiguration.framework/Versions/A/SystemConfiguration
0x00007ff82caae000 	/usr/lib/libspindump.dylib
0x00007ff821897000 	/System/Library/Frameworks/UniformTypeIdentifiers.framework/Versions/A/UniformTypeIdentifiers
0x00007ff829e87000 	/usr/lib/libbsm.0.dylib
0x00007ff826041000 	/usr/lib/libapp_launch_measurement.dylib
0x00007ff82516c000 	/System/Library/PrivateFrameworks/CoreAnalytics.framework/Versions/A/CoreAnalytics
0x00007ff826044000 	/System/Library/PrivateFrameworks/CoreAutoLayout.framework/Versions/A/CoreAutoLayout
0x00007ff827acc000 	/System/Library/Frameworks/Metal.framework/Versions/A/Metal
0x00007ff828d3d000 	/usr/lib/liblangid.dylib
0x00007ff828488000 	/System/Library/PrivateFrameworks/CoreSVG.framework/Versions/A/CoreSVG
0x00007ff8222c9000 	/System/Library/PrivateFrameworks/SkyLight.framework/Versions/A/SkyLight
0x00007ff822797000 	/System/Library/Frameworks/CoreGraphics.framework/Versions/A/CoreGraphics
0x00007ff832d3b000 	/System/Library/Frameworks/Accelerate.framework/Versions/A/Accelerate
0x00007ff82c8ee000 	/System/Library/PrivateFrameworks/IconServices.framework/Versions/A/IconServices
0x00007ff827aab000 	/System/Library/Frameworks/IOSurface.framework/Versions/A/IOSurface
0x00007ff82519a000 	/usr/lib/libDiagnosticMessagesClient.dylib
0x00007ff82aaaf000 	/usr/lib/libz.1.dylib
0x00007ff836f01000 	/System/Library/Frameworks/ApplicationServices.framework/Versions/A/ApplicationServices
0x00007ff828470000 	/System/Library/PrivateFrameworks/DFRFoundation.framework/Versions/A/DFRFoundation
0x00007ff81fa18000 	/usr/lib/libicucore.A.dylib
0x00007ff82eb98000 	/System/Library/Frameworks/AudioToolbox.framework/Versions/A/AudioToolbox
0x00007ff82dae7000 	/System/Library/PrivateFrameworks/DataDetectorsCore.framework/Versions/A/DataDetectorsCore
0x00007ff928acb000 	/System/Library/PrivateFrameworks/TextInput.framework/Versions/A/TextInput
0x00007ff82221c000 	/usr/lib/libMobileGestalt.dylib
0x00007ff82818e000 	/System/Library/Frameworks/Carbon.framework/Versions/A/Frameworks/HIToolbox.framework/Versions/A/HIToolbox
0x00007ff825952000 	/System/Library/Frameworks/QuartzCore.framework/Versions/A/QuartzCore
0x00007ff81f63a000 	/System/Library/Frameworks/Security.framework/Versions/A/Security
0x00007ff832684000 	/System/Library/Frameworks/Carbon.framework/Versions/A/Frameworks/SpeechRecognition.framework/Versions/A/SpeechRecognition
0x00007ff825d4d000 	/System/Library/PrivateFrameworks/CoreUI.framework/Versions/A/CoreUI
0x00007ff81eefa000 	/System/Library/Frameworks/CoreAudio.framework/Versions/A/CoreAudio
0x00007ff825281000 	/System/Library/Frameworks/DiskArbitration.framework/Versions/A/DiskArbitration
0x00007ff82cefb000 	/System/Library/PrivateFrameworks/MultitouchSupport.framework/Versions/A/MultitouchSupport
0x00007ff82221b000 	/usr/lib/libenergytrace.dylib
0x00007ff91d079000 	/System/Library/PrivateFrameworks/RenderBox.framework/Versions/A/RenderBox
0x00007ff820038000 	/System/Library/Frameworks/IOKit.framework/Versions/A/IOKit
0x00007ff832a8f000 	/System/Library/Frameworks/CoreServices.framework/Versions/A/CoreServices
0x00007ff825fd8000 	/System/Library/PrivateFrameworks/PerformanceAnalysis.framework/Versions/A/PerformanceAnalysis
0x00007ffb208ea000 	/System/Library/Frameworks/OpenGL.framework/Versions/A/OpenGL
0x00007ff82608e000 	/usr/lib/libxml2.2.dylib
0x00007ff829d79000 	/System/Library/PrivateFrameworks/MobileKeyBag.framework/Versions/A/MobileKeyBag
0x00007ff81c26c000 	/usr/lib/libobjc.A.dylib
0x00007ff81c585000 	/usr/lib/libc++.1.dylib
0x00007ff832a0a000 	/System/Library/Frameworks/Accessibility.framework/Versions/A/Accessibility
0x00007ff82308a000 	/System/Library/Frameworks/ColorSync.framework/Versions/A/ColorSync
0x00007ff81c6cc000 	/System/Library/Frameworks/CoreFoundation.framework/Versions/A/CoreFoundation
0x00007ff828859000 	/System/Library/Frameworks/CoreImage.framework/Versions/A/CoreImage
0x00007ff81ecc0000 	/System/Library/Frameworks/CoreText.framework/Versions/A/CoreText
0x00007ffb248f1000 	/System/Library/Frameworks/CoreTransferable.framework/Versions/A/CoreTransferable
0x00007ffb24d97000 	/System/Library/Frameworks/DataDetection.framework/Versions/A/DataDetection
0x00007ffb24d9a000 	/System/Library/Frameworks/DeveloperToolsSupport.framework/Versions/A/DeveloperToolsSupport
0x00007ff8284c0000 	/System/Library/Frameworks/ImageIO.framework/Versions/A/ImageIO
0x00007ffb2a2ed000 	/System/Library/Frameworks/Symbols.framework/Versions/A/Symbols
0x00007ffa30000000 	/System/Library/PrivateFrameworks/FeatureFlags.framework/Versions/A/FeatureFlags
0x00007ff82ab9f000 	/System/Library/PrivateFrameworks/SoftLinking.framework/Versions/A/SoftLinking
0x00007ffa1bb25000 	/usr/lib/swift/libswiftAccelerate.dylib
0x00007ff82e5d8000 	/usr/lib/swift/libswiftCore.dylib
0x00007ff924fb2000 	/usr/lib/swift/libswiftCoreFoundation.dylib
0x00007ff924fff000 	/usr/lib/swift/libswiftCoreImage.dylib
0x00007ff922524000 	/usr/lib/swift/libswiftDarwin.dylib
0x00007ffd2b5b6000 	/usr/lib/swift/libswiftDataDetection.dylib
0x00007ff83486a000 	/usr/lib/swift/libswiftDispatch.dylib
0x00007ff925000000 	/usr/lib/swift/libswiftIOKit.dylib
0x00007ff931eaa000 	/usr/lib/swift/libswiftMetal.dylib
0x00007ffa21051000 	/usr/lib/swift/libswiftOSLog.dylib
0x00007ff8373dc000 	/usr/lib/swift/libswiftObjectiveC.dylib
0x00007ffd2b5e0000 	/usr/lib/swift/libswiftObservation.dylib
0x00007ff937277000 	/usr/lib/swift/libswiftQuartzCore.dylib
0x00007ffa1bb16000 	/usr/lib/swift/libswiftUniformTypeIdentifiers.dylib
0x00007ff924fc2000 	/usr/lib/swift/libswiftXPC.dylib
0x00007ffd2b6df000 	/usr/lib/swift/libswift_Builtin_float.dylib
0x00007ffd2b6e2000 	/usr/lib/swift/libswift_Concurrency.dylib
0x00007ffd2b82b000 	/usr/lib/swift/libswift_StringProcessing.dylib
0x00007ffd2b8b0000 	/usr/lib/swift/libswift_errno.dylib
0x00007ffd2b8b2000 	/usr/lib/swift/libswift_math.dylib
0x00007ffd2b8b5000 	/usr/lib/swift/libswift_signal.dylib
0x00007ffd2b8b6000 	/usr/lib/swift/libswift_stdio.dylib
0x00007ffd2b8b7000 	/usr/lib/swift/libswift_time.dylib
0x00007ff8373e0000 	/usr/lib/swift/libswiftos.dylib
0x00007ff928a1e000 	/usr/lib/swift/libswiftsimd.dylib
0x00007ffd2b8b8000 	/usr/lib/swift/libswiftsys_time.dylib
0x00007ffd2b8b9000 	/usr/lib/swift/libswiftunistd.dylib
0x00007ff82ad98000 	/usr/lib/libcompression.dylib
0x00007ff82d721000 	/System/Library/PrivateFrameworks/TextureIO.framework/Versions/A/TextureIO
0x00007ff82c57b000 	/usr/lib/libate.dylib
0x00007ff82ab94000 	/usr/lib/system/libcache.dylib
0x00007ff82ab4d000 	/usr/lib/system/libcommonCrypto.dylib
0x00007ff82ab77000 	/usr/lib/system/libcompiler_rt.dylib
0x00007ff82ab6b000 	/usr/lib/system/libcopyfile.dylib
0x00007ff81c3b3000 	/usr/lib/system/libcorecrypto.dylib
0x00007ff81c4b1000 	/usr/lib/system/libdispatch.dylib
0x00007ff81c664000 	/usr/lib/system/libdyld.dylib
0x00007ff82ab8a000 	/usr/lib/system/libkeymgr.dylib
0x00007ff82ab32000 	/usr/lib/system/libmacho.dylib
0x00007ff829e62000 	/usr/lib/system/libquarantine.dylib
0x00007ff82ab87000 	/usr/lib/system/libremovefile.dylib
0x00007ff822291000 	/usr/lib/system/libsystem_asl.dylib
0x00007ff81c34d000 	/usr/lib/system/libsystem_blocks.dylib
0x00007ff81c4fc000 	/usr/lib/system/libsystem_c.dylib
0x00007ff82ab7f000 	/usr/lib/system/libsystem_collections.dylib
0x00007ff828d2c000 	/usr/lib/system/libsystem_configuration.dylib
0x00007ff827a7c000 	/usr/lib/system/libsystem_containermanager.dylib
0x00007ff82a6f8000 	/usr/lib/system/libsystem_coreservices.dylib
0x00007ff81fcc1000 	/usr/lib/system/libsystem_darwin.dylib
0x00007ffd2ba12000 	/usr/lib/system/libsystem_darwindirectory.dylib
0x00007ff82ab8b000 	/usr/lib/system/libsystem_dnssd.dylib
0x00007ffd2ba17000 	/usr/lib/system/libsystem_eligibility.dylib
0x00007ff81c4f9000 	/usr/lib/system/libsystem_featureflags.dylib
0x00007ff81c69d000 	/usr/lib/system/libsystem_info.dylib
0x00007ff82aac3000 	/usr/lib/system/libsystem_m.dylib
0x00007ff81c466000 	/usr/lib/system/libsystem_malloc.dylib
0x00007ff822201000 	/usr/lib/system/libsystem_networkextension.dylib
0x00007ff8200fe000 	/usr/lib/system/libsystem_notify.dylib
0x00007ff828d30000 	/usr/lib/system/libsystem_sandbox.dylib
0x00007ffd2ba1f000 	/usr/lib/system/libsystem_sanitizers.dylib
0x00007ff82ab84000 	/usr/lib/system/libsystem_secinit.dylib
0x00007ff81c61b000 	/usr/lib/system/libsystem_kernel.dylib
0x00007ff81c693000 	/usr/lib/system/libsystem_platform.dylib
0x00007ff81c658000 	/usr/lib/system/libsystem_pthread.dylib
0x00007ff824041000 	/usr/lib/system/libsystem_symptoms.dylib
0x00007ff81c398000 	/usr/lib/system/libsystem_trace.dylib
0x00007ff82ab5a000 	/usr/lib/system/libunwind.dylib
0x00007ff81c351000 	/usr/lib/system/libxpc.dylib
0x00007ff81c604000 	/usr/lib/libc++abi.dylib
0x00007ffd2a46c000 	/usr/lib/libRosetta.dylib
0x00007ff81ffb5000 	/System/Library/PrivateFrameworks/CoreServicesInternal.framework/Versions/A/CoreServicesInternal
0x00007ff82ab63000 	/usr/lib/liboah.dylib
0x00007ff82ab9c000 	/usr/lib/libfakelink.dylib
0x00007ff8369d7000 	/System/Library/PrivateFrameworks/DiskImages.framework/Versions/A/DiskImages
0x00007ff92205b000 	/System/Library/Frameworks/NetFS.framework/Versions/A/NetFS
0x00007ff821e5a000 	/System/Library/Frameworks/CFNetwork.framework/Versions/A/CFNetwork
0x00007ff82600b000 	/System/Library/Frameworks/CoreServices.framework/Versions/A/Frameworks/FSEvents.framework/Versions/A/FSEvents
0x00007ff81fccc000 	/System/Library/Frameworks/CoreServices.framework/Versions/A/Frameworks/CarbonCore.framework/Versions/A/CarbonCore
0x00007ff8251f9000 	/System/Library/Frameworks/CoreServices.framework/Versions/A/Frameworks/Metadata.framework/Versions/A/Metadata
0x00007ff82a6ff000 	/System/Library/Frameworks/CoreServices.framework/Versions/A/Frameworks/OSServices.framework/Versions/A/OSServices
0x00007ff82acc9000 	/System/Library/Frameworks/CoreServices.framework/Versions/A/Frameworks/SearchKit.framework/Versions/A/SearchKit
0x00007ff823fc1000 	/System/Library/Frameworks/CoreServices.framework/Versions/A/Frameworks/AE.framework/Versions/A/AE
0x00007ff81cb81000 	/System/Library/Frameworks/CoreServices.framework/Versions/A/Frameworks/LaunchServices.framework/Versions/A/LaunchServices
0x00007ff82c2dc000 	/System/Library/Frameworks/CoreServices.framework/Versions/A/Frameworks/DictionaryServices.framework/Versions/A/DictionaryServices
0x00007ff826019000 	/System/Library/Frameworks/CoreServices.framework/Versions/A/Frameworks/SharedFileList.framework/Versions/A/SharedFileList
0x00007ff82ad4b000 	/usr/lib/libapple_nghttp2.dylib
0x00007ff823c1d000 	/usr/lib/libsqlite3.dylib
0x00007ff82f1b9000 	/System/Library/Frameworks/GSS.framework/Versions/A/GSS
0x00007ff823f5c000 	/System/Library/PrivateFrameworks/RunningBoardServices.framework/Versions/A/RunningBoardServices
0x00007ff824049000 	/System/Library/Frameworks/Network.framework/Versions/A/Network
0x00007ff82ab36000 	/usr/lib/system/libkxld.dylib
0x00007ffb2ec85000 	/System/Library/PrivateFrameworks/AppleKeyStore.framework/Versions/A/AppleKeyStore
0x00007ffd2a339000 	/usr/lib/libCoreEntitlements.dylib
0x00007ffc29be4000 	/System/Library/PrivateFrameworks/MessageSecurity.framework/Versions/A/MessageSecurity
0x00007ff823c03000 	/System/Library/PrivateFrameworks/ProtocolBuffer.framework/Versions/A/ProtocolBuffer
0x00007ff82a6de000 	/System/Library/PrivateFrameworks/AppleFSCompression.framework/Versions/A/AppleFSCompression
0x00007ff829e6f000 	/usr/lib/libcoretls.dylib
0x00007ff82c34a000 	/usr/lib/libcoretls_cfhelpers.dylib
0x00007ff82ad92000 	/usr/lib/libpam.2.dylib
0x00007ff82c3c4000 	/usr/lib/libxar.1.dylib
0x00007ff82abee000 	/usr/lib/libarchive.2.dylib
0x00007ff8308fe000 	/System/Library/Frameworks/Combine.framework/Versions/A/Combine
0x00007ffb32946000 	/System/Library/PrivateFrameworks/CollectionsInternal.framework/Versions/A/CollectionsInternal
0x00007ffc3206c000 	/System/Library/PrivateFrameworks/ReflectionInternal.framework/Versions/A/ReflectionInternal
0x00007ffc32c1b000 	/System/Library/PrivateFrameworks/RuntimeInternal.framework/Versions/A/RuntimeInternal
0x00007ffd2b673000 	/usr/lib/swift/libswiftSystem.dylib
0x00007ff828d38000 	/System/Library/PrivateFrameworks/AppleSystemInfo.framework/Versions/A/AppleSystemInfo
0x00007ff924ea4000 	/System/Library/PrivateFrameworks/LoggingSupport.framework/Versions/A/LoggingSupport
0x00007ff8339f1000 	/System/Library/PrivateFrameworks/PowerLog.framework/Versions/A/PowerLog
0x00007ffb2965e000 	/System/Library/Frameworks/SwiftData.framework/Versions/A/SwiftData
0x00007ff826203000 	/System/Library/PrivateFrameworks/UserManagement.framework/Versions/A/UserManagement
0x00007ff821d7f000 	/usr/lib/libboringssl.dylib
0x00007ff824031000 	/usr/lib/libdns_services.dylib
0x00007ff9240a9000 	/usr/lib/libquic.dylib
0x00007ff82e560000 	/usr/lib/libusrtcp.dylib
0x00007ffa29219000 	/System/Library/PrivateFrameworks/InternalSwiftProtobuf.framework/Versions/A/InternalSwiftProtobuf
0x00007ffd2b5b7000 	/usr/lib/swift/libswiftDistributed.dylib
0x00007ffd2b669000 	/usr/lib/swift/libswiftSynchronization.dylib
0x00007ff821e59000 	/usr/lib/libnetwork.dylib
0x00007ff935f94000 	/System/Library/PrivateFrameworks/OSAnalytics.framework/Versions/A/OSAnalytics
0x00007ff82ad29000 	/System/Library/PrivateFrameworks/AppleSauce.framework/Versions/A/AppleSauce
0x00007ff834ffd000 	/System/Library/PrivateFrameworks/CoreSymbolication.framework/Versions/A/CoreSymbolication
0x00007ffa24b9e000 	/System/Library/PrivateFrameworks/Symbolication.framework/Versions/A/Symbolication
0x00007ff834fdd000 	/System/Library/PrivateFrameworks/DebugSymbols.framework/Versions/A/DebugSymbols
0x00007ffd2a1f8000 	/usr/lib/libAppleArchive.dylib
0x00007ff82a6e9000 	/usr/lib/libbz2.1.0.dylib
0x00007ff82c32a000 	/usr/lib/liblzma.5.dylib
0x00007ff829b73000 	/System/Library/PrivateFrameworks/IOMobileFramebuffer.framework/Versions/A/IOMobileFramebuffer
0x00007ff924f32000 	/System/Library/PrivateFrameworks/MallocStackLogging.framework/Versions/A/MallocStackLogging
0x00007ff82c61a000 	/System/Library/PrivateFrameworks/CrashReporterSupport.framework/Versions/A/CrashReporterSupport
0x00007ff81d26e000 	/System/Library/PrivateFrameworks/Lexicon.framework/Versions/A/Lexicon
0x00007ffc22a20000 	/System/Library/PrivateFrameworks/IO80211.framework/Versions/A/IO80211
0x00007ff834ae0000 	/System/Library/PrivateFrameworks/FrontBoardServices.framework/Versions/A/FrontBoardServices
0x00007ff829da1000 	/System/Library/Frameworks/SecurityFoundation.framework/Versions/A/SecurityFoundation
0x00007ff829ef2000 	/usr/lib/libgermantok.dylib
0x00007ff828e4d000 	/System/Library/PrivateFrameworks/LinguisticData.framework/Versions/A/LinguisticData
0x00007ff823e79000 	/System/Library/PrivateFrameworks/BaseBoard.framework/Versions/A/BaseBoard
0x00007ff834bae000 	/System/Library/PrivateFrameworks/BoardServices.framework/Versions/A/BoardServices
0x00007ff829d94000 	/System/Library/PrivateFrameworks/AssertionServices.framework/Versions/A/AssertionServices
0x00007ff83680f000 	/System/Library/PrivateFrameworks/BackBoardServices.framework/Versions/A/BackBoardServices
0x00007ff827ec7000 	/System/Library/PrivateFrameworks/FontServices.framework/libFontParser.dylib
0x00007ff8222a9000 	/System/Library/PrivateFrameworks/TCC.framework/Versions/A/TCC
0x00007ff83a20f000 	/System/Library/PrivateFrameworks/IOSurfaceAccelerator.framework/Versions/A/IOSurfaceAccelerator
0x00007ff82cef9000 	/System/Library/PrivateFrameworks/WatchdogClient.framework/Versions/A/WatchdogClient
0x00007ff81e7d3000 	/System/Library/Frameworks/CoreDisplay.framework/Versions/A/CoreDisplay
0x00007ff827d73000 	/System/Library/Frameworks/CoreMedia.framework/Versions/A/CoreMedia
0x00007ff827ac3000 	/System/Library/PrivateFrameworks/IOAccelerator.framework/Versions/A/IOAccelerator
0x00007ff826171000 	/System/Library/Frameworks/CoreVideo.framework/Versions/A/CoreVideo
0x00007ff82ad90000 	/System/Library/Frameworks/MetalPerformanceShaders.framework/Versions/A/MetalPerformanceShaders
0x00007ffc314ae000 	/System/Library/PrivateFrameworks/ProDisplayLibrary.framework/Versions/A/ProDisplayLibrary
0x00007ff82cf3f000 	/System/Library/Frameworks/VideoToolbox.framework/Versions/A/VideoToolbox
0x00007ff828d37000 	/System/Library/PrivateFrameworks/AggregateDictionary.framework/Versions/A/AggregateDictionary
0x00007ff82c34c000 	/System/Library/PrivateFrameworks/APFS.framework/Versions/A/APFS
0x00007ff82c3d2000 	/usr/lib/libutil.dylib
0x00007ffd1b2f4000 	/System/Library/PrivateFrameworks/SwiftASN1Internal.framework/Versions/A/SwiftASN1Internal
0x00007ff825289000 	/System/Library/Frameworks/Accelerate.framework/Versions/A/Frameworks/vImage.framework/Versions/A/vImage
0x00007ff832a66000 	/System/Library/Frameworks/Accelerate.framework/Versions/A/Frameworks/vecLib.framework/Versions/A/vecLib
0x00007ff82c407000 	/System/Library/Frameworks/Accelerate.framework/Versions/A/Frameworks/vecLib.framework/Versions/A/libvMisc.dylib
0x00007ff81d008000 	/System/Library/Frameworks/Accelerate.framework/Versions/A/Frameworks/vecLib.framework/Versions/A/libBLAS.dylib
0x00007ff82edd2000 	/System/Library/Frameworks/ApplicationServices.framework/Versions/A/Frameworks/ATS.framework/Versions/A/ATS
0x00007ff82323f000 	/System/Library/Frameworks/ApplicationServices.framework/Versions/A/Frameworks/HIServices.framework/Versions/A/HIServices
0x00007ff82d6ae000 	/System/Library/Frameworks/ApplicationServices.framework/Versions/A/Frameworks/PrintCore.framework/Versions/A/PrintCore
0x00007ff82f183000 	/System/Library/Frameworks/ApplicationServices.framework/Versions/A/Frameworks/QD.framework/Versions/A/QD
0x00007ff82f17b000 	/System/Library/Frameworks/ApplicationServices.framework/Versions/A/Frameworks/ColorSyncLegacy.framework/Versions/A/ColorSyncLegacy
0x00007ff82eda8000 	/System/Library/Frameworks/ApplicationServices.framework/Versions/A/Frameworks/SpeechSynthesis.framework/Versions/A/SpeechSynthesis
0x00007ff829b41000 	/System/Library/PrivateFrameworks/CoreEmoji.framework/Versions/A/CoreEmoji
0x00007ffb3886e000 	/System/Library/PrivateFrameworks/FontServices.framework/Versions/A/FontServices
0x00007ff82ca5d000 	/System/Library/PrivateFrameworks/OTSVG.framework/Versions/A/OTSVG
0x00007ff825d00000 	/System/Library/Frameworks/ApplicationServices.framework/Versions/A/Frameworks/ATS.framework/Versions/A/Resources/libFontRegistry.dylib
0x00007ffd2a9b3000 	/usr/lib/libhvf.dylib
0x00007ffc2da8b000 	/System/Library/PrivateFrameworks/ParsingInternal.framework/Versions/A/ParsingInternal
0x00007ffd2b5fc000 	/usr/lib/swift/libswiftRegexBuilder.dylib
0x00007ffd2b77d000 	/usr/lib/swift/libswift_RegexParser.dylib
0x00007ff82cdbf000 	/System/Library/PrivateFrameworks/AppleJPEG.framework/Versions/A/AppleJPEG
0x00007ff82c87d000 	/usr/lib/libexpat.1.dylib
0x00007ff82d575000 	/System/Library/Frameworks/ImageIO.framework/Versions/A/Resources/libPng.dylib
0x00007ff82d5a3000 	/System/Library/Frameworks/ImageIO.framework/Versions/A/Resources/libTIFF.dylib
0x00007ff82d699000 	/System/Library/Frameworks/ImageIO.framework/Versions/A/Resources/libGIF.dylib
0x00007ff82ce0c000 	/System/Library/Frameworks/ImageIO.framework/Versions/A/Resources/libJP2.dylib
0x00007ff82d638000 	/System/Library/Frameworks/ImageIO.framework/Versions/A/Resources/libJPEG.dylib
0x00007ff82d62f000 	/System/Library/Frameworks/ImageIO.framework/Versions/A/Resources/libRadiance.dylib
0x00007ffc1ebf4000 	/System/Library/PrivateFrameworks/GPUCompiler.framework/Versions/32023/Libraries/libllvm-flatbuffers.dylib
0x00007ffb38939000 	/System/Library/PrivateFrameworks/FramePacing.framework/Versions/A/FramePacing
0x00007ffb208de000 	/System/Library/Frameworks/OpenGL.framework/Versions/A/Libraries/libCoreFSCache.dylib
0x00007ffb39551000 	/System/Library/PrivateFrameworks/GPUCompiler.framework/Versions/32023/Libraries/libGPUCompilerUtils.dylib
0x00007ffb3886f000 	/System/Library/PrivateFrameworks/FontServices.framework/libXTFontStaticRegistryData.dylib
0x00007ffc30789000 	/System/Library/PrivateFrameworks/PhotosensitivityProcessing.framework/Versions/A/PhotosensitivityProcessing
0x00007ffb21eae000 	/System/Library/Frameworks/OpenCL.framework/Versions/A/OpenCL
0x00007ff82ca4e000 	/System/Library/PrivateFrameworks/GraphVisualizer.framework/Versions/A/GraphVisualizer
0x00007ffb2093c000 	/System/Library/Frameworks/OpenGL.framework/Versions/A/Libraries/libGLU.dylib
0x00007ffb208fd000 	/System/Library/Frameworks/OpenGL.framework/Versions/A/Libraries/libGFXShared.dylib
0x00007ffb20af9000 	/System/Library/Frameworks/OpenGL.framework/Versions/A/Libraries/libGL.dylib
0x00007ffb20906000 	/System/Library/Frameworks/OpenGL.framework/Versions/A/Libraries/libGLImage.dylib
0x00007ffb208fa000 	/System/Library/Frameworks/OpenGL.framework/Versions/A/Libraries/libCVMSPluginSupport.dylib
0x00007ffb208e5000 	/System/Library/Frameworks/OpenGL.framework/Versions/A/Libraries/libCoreVMClient.dylib
0x00007ff828c71000 	/System/Library/Frameworks/MetalPerformanceShaders.framework/Versions/A/Frameworks/MPSCore.framework/Versions/A/MPSCore
0x00007ff82a639000 	/System/Library/Frameworks/MetalPerformanceShaders.framework/Versions/A/Frameworks/MPSImage.framework/Versions/A/MPSImage
0x00007ff829f0b000 	/System/Library/Frameworks/MetalPerformanceShaders.framework/Versions/A/Frameworks/MPSNeuralNetwork.framework/Versions/A/MPSNeuralNetwork
0x00007ff82a46b000 	/System/Library/Frameworks/MetalPerformanceShaders.framework/Versions/A/Frameworks/MPSMatrix.framework/Versions/A/MPSMatrix
0x00007ff82a221000 	/System/Library/Frameworks/MetalPerformanceShaders.framework/Versions/A/Frameworks/MPSRayIntersector.framework/Versions/A/MPSRayIntersector
0x00007ff82a4aa000 	/System/Library/Frameworks/MetalPerformanceShaders.framework/Versions/A/Frameworks/MPSNDArray.framework/Versions/A/MPSNDArray
0x00007ffb2696a000 	/System/Library/Frameworks/MetalPerformanceShaders.framework/Versions/A/Frameworks/MPSFunctions.framework/Versions/A/MPSFunctions
0x00007ffb2694c000 	/System/Library/Frameworks/MetalPerformanceShaders.framework/Versions/A/Frameworks/MPSBenchmarkLoop.framework/Versions/A/MPSBenchmarkLoop
0x00007ff81ce79000 	/System/Library/PrivateFrameworks/MetalTools.framework/Versions/A/MetalTools
0x00007ff929f6d000 	/System/Library/PrivateFrameworks/IOAccelMemoryInfo.framework/Versions/A/IOAccelMemoryInfo
0x00007ff93767d000 	/System/Library/PrivateFrameworks/kperf.framework/Versions/A/kperf
0x00007ff924f94000 	/System/Library/PrivateFrameworks/GPURawCounter.framework/Versions/A/GPURawCounter
0x00007ff82d66a000 	/System/Library/Frameworks/ApplicationServices.framework/Versions/A/Frameworks/ATSUI.framework/Versions/A/ATSUI
0x00007ff82f10d000 	/usr/lib/libcups.2.dylib
0x00007ff82f1aa000 	/System/Library/Frameworks/Kerberos.framework/Versions/A/Kerberos
0x00007ff82ee15000 	/usr/lib/libresolv.9.dylib
0x00007ff82abd6000 	/usr/lib/libiconv.2.dylib
0x00007ff82cab5000 	/System/Library/PrivateFrameworks/Heimdal.framework/Versions/A/Heimdal
0x00007ff837334000 	/System/Library/Frameworks/Kerberos.framework/Versions/A/Libraries/libHeimdalProxy.dylib
0x00007ff82c899000 	/usr/lib/libheimdal-asn1.dylib
0x00007ff825fe3000 	/System/Library/Frameworks/OpenDirectory.framework/Versions/A/OpenDirectory
0x00007ff82f202000 	/System/Library/PrivateFrameworks/CommonAuth.framework/Versions/A/CommonAuth
0x00007ff825fef000 	/System/Library/Frameworks/OpenDirectory.framework/Versions/A/Frameworks/CFOpenDirectory.framework/Versions/A/CFOpenDirectory
0x00007ff82ab31000 	/usr/lib/libcharset.1.dylib
0x00007ffb23996000 	/System/Library/Frameworks/AVFAudio.framework/Versions/A/AVFAudio
0x00007ff91e9fc000 	/System/Library/PrivateFrameworks/AXCoreUtilities.framework/Versions/A/AXCoreUtilities
0x00007ffc25cf0000 	/System/Library/PrivateFrameworks/IsolatedCoreAudioClient.framework/Versions/A/IsolatedCoreAudioClient
0x00007ff82ed90000 	/usr/lib/libAudioStatistics.dylib
0x00007ff827d4f000 	/System/Library/PrivateFrameworks/caulk.framework/Versions/A/caulk
0x00007ff81e8fe000 	/System/Library/PrivateFrameworks/AudioToolboxCore.framework/Versions/A/AudioToolboxCore
0x00007ff8397cd000 	/System/Library/Frameworks/CoreMIDI.framework/Versions/A/CoreMIDI
0x00007ff82ed36000 	/System/Library/PrivateFrameworks/AudioSession.framework/Versions/A/AudioSession
0x00007ff830681000 	/System/Library/Frameworks/IOBluetooth.framework/Versions/A/IOBluetooth
0x00007ff82c985000 	/System/Library/PrivateFrameworks/MediaExperience.framework/Versions/A/MediaExperience
0x00007ffd1dd43000 	/System/Library/PrivateFrameworks/Tightbeam.framework/Versions/A/Tightbeam
0x00007ffb33309000 	/System/Library/PrivateFrameworks/CoreAudioOrchestration.framework/Versions/A/CoreAudioOrchestration
0x00007ffa1c15b000 	/System/Library/PrivateFrameworks/AFKUser.framework/Versions/A/AFKUser
0x00007ff924f98000 	/usr/lib/swift/libswiftCoreAudio.dylib
0x00007ff82caa3000 	/System/Library/PrivateFrameworks/AppServerSupport.framework/Versions/A/AppServerSupport
0x00007ff82f18d000 	/System/Library/PrivateFrameworks/perfdata.framework/Versions/A/perfdata
0x00007ff924195000 	/System/Library/PrivateFrameworks/SystemPolicy.framework/Versions/A/SystemPolicy
0x00007ff82f02c000 	/usr/lib/libSMC.dylib
0x00007ff82d540000 	/usr/lib/libAudioToolboxUtility.dylib
0x00007ff82f19b000 	/usr/lib/libperfcheck.dylib
0x00007ffb2f8a4000 	/System/Library/PrivateFrameworks/AudioAnalytics.framework/Versions/A/AudioAnalytics
0x00007ffa28fee000 	/System/Library/Frameworks/OSLog.framework/Versions/A/OSLog
0x00007ff924f62000 	/usr/lib/libmis.dylib
0x00007ff82eb57000 	/System/Library/PrivateFrameworks/AudioSession.framework/libSessionUtility.dylib
0x00007ff82d69f000 	/System/Library/PrivateFrameworks/CMCaptureCore.framework/Versions/A/CMCaptureCore
0x00007ffb24eba000 	/System/Library/Frameworks/ExtensionFoundation.framework/Versions/A/ExtensionFoundation
0x00007ff83510f000 	/System/Library/PrivateFrameworks/CoreTime.framework/Versions/A/CoreTime
0x00007ff82c76d000 	/System/Library/PrivateFrameworks/PlugInKit.framework/Versions/A/PlugInKit
0x00007ff8338f6000 	/System/Library/Frameworks/CoreBluetooth.framework/Versions/A/CoreBluetooth
0x00007ff837335000 	/System/Library/Frameworks/AudioUnit.framework/Versions/A/AudioUnit
0x00007ff829bff000 	/System/Library/PrivateFrameworks/CoreUtils.framework/Versions/A/CoreUtils
0x00007ffb364a5000 	/System/Library/PrivateFrameworks/CoreUtilsExtras.framework/Versions/A/CoreUtilsExtras
0x00007ff832d88000 	/System/Library/Frameworks/MediaAccessibility.framework/Versions/A/MediaAccessibility
0x00007ff92d357000 	/System/Library/PrivateFrameworks/AttributeGraph.framework/Versions/A/AttributeGraph
0x00007ffd2a178000 	/usr/lib/libAXSafeCategoryBundle.dylib
0x00007ff91eaa1000 	/usr/lib/libAccessibility.dylib
0x00007ff829975000 	/System/Library/Frameworks/Accelerate.framework/Versions/A/Frameworks/vecLib.framework/Versions/A/libvDSP.dylib
0x00007ff82ae7e000 	/System/Library/Frameworks/Accelerate.framework/Versions/A/Frameworks/vecLib.framework/Versions/A/libLAPACK.dylib
0x00007ff829ef5000 	/System/Library/Frameworks/Accelerate.framework/Versions/A/Frameworks/vecLib.framework/Versions/A/libLinearAlgebra.dylib
0x00007ff82ad66000 	/System/Library/Frameworks/Accelerate.framework/Versions/A/Frameworks/vecLib.framework/Versions/A/libSparseBLAS.dylib
0x00007ff82ae78000 	/System/Library/Frameworks/Accelerate.framework/Versions/A/Frameworks/vecLib.framework/Versions/A/libQuadrature.dylib
0x00007ff828e53000 	/System/Library/Frameworks/Accelerate.framework/Versions/A/Frameworks/vecLib.framework/Versions/A/libBNNS.dylib
0x00007ff81d373000 	/System/Library/Frameworks/Accelerate.framework/Versions/A/Frameworks/vecLib.framework/Versions/A/libSparse.dylib
0x00007ffc270c7000 	/System/Library/PrivateFrameworks/MIL.framework/Versions/A/MIL
0x00007ff82d628000 	/System/Library/PrivateFrameworks/GPUWrangler.framework/Versions/A/GPUWrangler
0x00007ff82d60c000 	/System/Library/PrivateFrameworks/IOPresentment.framework/Versions/A/IOPresentment
0x00007ff82d632000 	/System/Library/PrivateFrameworks/DSExternalDisplay.framework/Versions/A/DSExternalDisplay
0x00007ffa293e4000 	/System/Library/PrivateFrameworks/HIDDisplay.framework/Versions/A/HIDDisplay
0x00007ff91dd0f000 	/System/Library/PrivateFrameworks/HID.framework/Versions/A/HID
0x00007ffd2138b000 	/System/Library/PrivateFrameworks/VideoToolboxParavirtualizationSupport.framework/Versions/A/VideoToolboxParavirtualizationSupport
0x00007ff82c82f000 	/System/Library/PrivateFrameworks/AppleVA.framework/Versions/A/AppleVA
0x00007ff834c5b000 	/System/Library/PrivateFrameworks/GraphicsServices.framework/Versions/A/GraphicsServices
0x00007ff82f378000 	/System/Library/PrivateFrameworks/CorePhoneNumbers.framework/Versions/A/CorePhoneNumbers
0x00007ff833ad3000 	/System/Library/PrivateFrameworks/MediaKit.framework/Versions/A/MediaKit
0x00007ff833a2d000 	/System/Library/Frameworks/DiscRecording.framework/Versions/A/DiscRecording
0x00007ff82f170000 	/System/Library/PrivateFrameworks/NetAuth.framework/Versions/A/NetAuth
0x00007ff8261c5000 	/System/Library/PrivateFrameworks/login.framework/Versions/A/Frameworks/loginsupport.framework/Versions/A/loginsupport
0x00007ff82c8a2000 	/System/Library/PrivateFrameworks/IconFoundation.framework/Versions/A/IconFoundation
0x00007ff82c611000 	/usr/lib/libIOReport.dylib
0x00007ffb2f4d4000 	/System/Library/PrivateFrameworks/AppleMobileFileIntegrity.framework/Versions/A/AppleMobileFileIntegrity
0x00007ffd2a4c7000 	/usr/lib/libTLE.dylib
0x00007ffa38989000 	/System/Library/PrivateFrameworks/ConfigProfileHelper.framework/Versions/A/ConfigProfileHelper
0x00007ff829e97000 	/usr/lib/libmecab.dylib
0x00007ff81d541000 	/usr/lib/libCRFSuite.dylib
0x00007ff828d3f000 	/System/Library/PrivateFrameworks/CoreNLP.framework/Versions/A/CoreNLP
0x00007ff82ad21000 	/usr/lib/libThaiTokenizer.dylib
0x00007ff829e65000 	/usr/lib/libCheckFix.dylib
0x00007ff82519c000 	/System/Library/PrivateFrameworks/MetadataUtilities.framework/Versions/A/MetadataUtilities
0x00007ffc23219000 	/System/Library/PrivateFrameworks/InstalledContentLibrary.framework/Versions/A/InstalledContentLibrary
0x00007ff81fff7000 	/System/Library/PrivateFrameworks/CoreServicesStore.framework/Versions/A/CoreServicesStore
0x00007ff93777d000 	/System/Library/PrivateFrameworks/MobileSystemServices.framework/Versions/A/MobileSystemServices
0x00007ff82c3d6000 	/usr/lib/libxslt.1.dylib
0x00007ff829e2b000 	/System/Library/PrivateFrameworks/BackgroundTaskManagement.framework/Versions/A/BackgroundTaskManagement
0x00007ff836b84000 	/usr/lib/libcurl.4.dylib
0x00007ffd2a85d000 	/usr/lib/libcrypto.46.dylib
0x00007ffd2b396000 	/usr/lib/libssl.48.dylib
0x00007ff836869000 	/System/Library/Frameworks/LDAP.framework/Versions/A/LDAP
0x00007ff8368a3000 	/System/Library/PrivateFrameworks/TrustEvaluationAgent.framework/Versions/A/TrustEvaluationAgent
0x00007ff82ee32000 	/usr/lib/libsasl2.2.dylib
0x00007ff922523000 	/usr/lib/swift/libswiftCoreGraphics.dylib
0x00007ff8333a6000 	/usr/lib/swift/libswiftFoundation.dylib
0x00007ffa38417000 	/usr/lib/swift/libswiftSwiftOnoneSupport.dylib
0x00007ffa252aa000 	/System/Library/PrivateFrameworks/CoreMaterial.framework/Versions/A/CoreMaterial
0x00007ffc32d03000 	/System/Library/PrivateFrameworks/SFSymbols.framework/Versions/A/SFSymbols
0x00007ff832674000 	/System/Library/PrivateFrameworks/SpeechRecognitionCore.framework/Versions/A/SpeechRecognitionCore
0x000000010fac5000 	/Users/stong_mac/.antigravity/extensions/redhat.java-1.52.0-darwin-x64/jre/21.0.9-macosx-x86_64/lib/server/libjvm.dylib
0x0000000108341000 	/Users/stong_mac/.antigravity/extensions/redhat.java-1.52.0-darwin-x64/jre/21.0.9-macosx-x86_64/lib/libjimage.dylib
0x0000000108364000 	/Users/stong_mac/.antigravity/extensions/redhat.java-1.52.0-darwin-x64/jre/21.0.9-macosx-x86_64/lib/libinstrument.dylib
0x00000001083a2000 	/Users/stong_mac/.antigravity/extensions/redhat.java-1.52.0-darwin-x64/jre/21.0.9-macosx-x86_64/lib/libjava.dylib
0x000000010861d000 	/Users/stong_mac/.antigravity/extensions/redhat.java-1.52.0-darwin-x64/jre/21.0.9-macosx-x86_64/lib/libzip.dylib
0x0000000108645000 	/Users/stong_mac/.antigravity/extensions/redhat.java-1.52.0-darwin-x64/jre/21.0.9-macosx-x86_64/lib/libnio.dylib
0x0000000108609000 	/Users/stong_mac/.antigravity/extensions/redhat.java-1.52.0-darwin-x64/jre/21.0.9-macosx-x86_64/lib/libnet.dylib
0x0000000108678000 	/Users/stong_mac/.antigravity/extensions/redhat.java-1.52.0-darwin-x64/jre/21.0.9-macosx-x86_64/lib/libverify.dylib
0x00000001086ad000 	/Users/stong_mac/Library/Application Support/Antigravity/User/globalStorage/redhat.java/1.52.0/config_mac/org.eclipse.equinox.launcher/org.eclipse.equinox.launcher.cocoa.macosx.x86_64_1.2.1400.v20250801-0854/eclipse_11916.so
0x00007ff825eba000 	/System/Library/PrivateFrameworks/ViewBridge.framework/Versions/A/ViewBridge

JVMTI agents:
/Users/stong_mac/.antigravity/extensions/redhat.java-1.52.0-darwin-x64/lombok/lombok-1.18.39-4050.jar path:none, loaded, initialized, instrumentlib options:none


VM Arguments:
jvm_args: --add-modules=ALL-SYSTEM --add-opens=java.base/java.util=ALL-UNNAMED --add-opens=java.base/java.lang=ALL-UNNAMED --add-opens=java.base/sun.nio.fs=ALL-UNNAMED -Declipse.application=org.eclipse.jdt.ls.core.id1 -Dosgi.bundles.defaultStartLevel=4 -Declipse.product=org.eclipse.jdt.ls.core.product -Djava.import.generatesMetadataFilesAtProjectRoot=false -DDetectVMInstallationsJob.disabled=true -Dfile.encoding=utf8 -XX:+UseParallelGC -XX:GCTimeRatio=4 -XX:AdaptiveSizePolicyWeight=90 -Dsun.zip.disableMemoryMapping=true -Xmx2G -Xms100m -Xlog:disable -javaagent:/Users/stong_mac/.antigravity/extensions/redhat.java-1.52.0-darwin-x64/lombok/lombok-1.18.39-4050.jar -XX:+HeapDumpOnOutOfMemoryError -XX:HeapDumpPath=/Users/stong_mac/Library/Application Support/Antigravity/User/workspaceStorage/64f8b3a0490b059529cc33e27aa0cd02/redhat.java -Daether.dependencyCollector.impl=bf 
java_command: /Users/stong_mac/.antigravity/extensions/redhat.java-1.52.0-darwin-x64/server/plugins/org.eclipse.equinox.launcher_1.7.100.v20251111-0406.jar -configuration /Users/stong_mac/Library/Application Support/Antigravity/User/globalStorage/redhat.java/1.52.0/config_mac -data /Users/stong_mac/Library/Application Support/Antigravity/User/workspaceStorage/64f8b3a0490b059529cc33e27aa0cd02/redhat.java/jdt_ws --pipe=/private/var/folders/x1/tp3fk8kn5hn2h59q4qm3rx300000gn/T/lsp-00c5a2a05458f9ae38cc06ff4bd1f12f.sock
java_class_path (initial): /Users/stong_mac/.antigravity/extensions/redhat.java-1.52.0-darwin-x64/server/plugins/org.eclipse.equinox.launcher_1.7.100.v20251111-0406.jar
Launcher Type: SUN_STANDARD

[Global flags]
    uintx AdaptiveSizePolicyWeight                 = 90                                        {product} {command line}
     intx CICompilerCount                          = 4                                         {product} {ergonomic}
    uintx GCTimeRatio                              = 4                                         {product} {command line}
     bool HeapDumpOnOutOfMemoryError               = true                                   {manageable} {command line}
    ccstr HeapDumpPath                             = /Users/stong_mac/Library/Application Support/Antigravity/User/workspaceStorage/64f8b3a0490b059529cc33e27aa0cd02/redhat.java         {manageable} {command line}
   size_t InitialHeapSize                          = 104857600                                 {product} {command line}
   size_t MaxHeapSize                              = 2147483648                                {product} {command line}
   size_t MaxNewSize                               = 715653120                                 {product} {ergonomic}
   size_t MinHeapDeltaBytes                        = 524288                                    {product} {ergonomic}
   size_t MinHeapSize                              = 104857600                                 {product} {command line}
   size_t NewSize                                  = 34603008                                  {product} {ergonomic}
    uintx NonNMethodCodeHeapSize                   = 5839372                                {pd product} {ergonomic}
    uintx NonProfiledCodeHeapSize                  = 122909434                              {pd product} {ergonomic}
   size_t OldSize                                  = 70254592                                  {product} {ergonomic}
    uintx ProfiledCodeHeapSize                     = 122909434                              {pd product} {ergonomic}
    uintx ReservedCodeCacheSize                    = 251658240                              {pd product} {ergonomic}
     bool SegmentedCodeCache                       = true                                      {product} {ergonomic}
   size_t SoftMaxHeapSize                          = 2147483648                             {manageable} {ergonomic}
     bool UseCompressedOops                        = true                           {product lp64_product} {ergonomic}
     bool UseNUMA                                  = false                                     {product} {ergonomic}
     bool UseNUMAInterleaving                      = false                                     {product} {ergonomic}
     bool UseParallelGC                            = true                                      {product} {command line}

Logging:
Log output configuration:
 #0: stdout all=off uptime,level,tags foldmultilines=false
 #1: stderr all=off uptime,level,tags foldmultilines=false

Release file:
JAVA_VERSION="21.0.9"
MODULES="java.base java.compiler java.datatransfer java.xml java.prefs java.desktop java.instrument java.logging java.management java.security.sasl java.naming java.rmi java.management.rmi java.net.http java.scripting java.security.jgss java.transaction.xa java.sql java.sql.rowset java.xml.crypto java.se java.smartcardio jdk.accessibility jdk.internal.jvmstat jdk.attach jdk.charsets jdk.internal.opt jdk.zipfs jdk.compiler jdk.crypto.ec jdk.crypto.cryptoki jdk.dynalink jdk.internal.ed jdk.editpad jdk.hotspot.agent jdk.httpserver jdk.internal.le jdk.internal.vm.ci jdk.internal.vm.compiler jdk.internal.vm.compiler.management jdk.jartool jdk.javadoc jdk.jcmd jdk.management jdk.management.agent jdk.jconsole jdk.jdeps jdk.jdwp.agent jdk.jdi jdk.jfr jdk.jshell jdk.jsobject jdk.jstatd jdk.localedata jdk.management.jfr jdk.naming.dns jdk.naming.rmi jdk.net jdk.nio.mapmode jdk.random jdk.sctp jdk.security.auth jdk.security.jgss jdk.unsupported jdk.unsupported.desktop jdk.xml.dom"

Environment Variables:
JAVA_HOME=/Library/Java/JavaVirtualMachines/jdk1.8.0_202.jdk/Contents/Home
PATH=/Users/stong_mac/.local/bin:/Users/stong_mac/.rbenv/shims:/Users/stong_mac/.rbenv/bin:/Users/stong_mac/.antigravity/antigravity/bin:/Library/Java/JavaVirtualMachines/jdk1.8.0_202.jdk/Contents/Home/bin:/usr/local/opt/mysql-client/bin:/Users/stong_mac/.nvm/versions/node/v20.11.0/bin:/Library/Frameworks/Python.framework/Versions/3.12/bin:/Library/Frameworks/Python.framework/Versions/2.7/bin:/Users/stong_mac/.orbstack/bin:/usr/local/bin:/usr/local/sbin:/System/Cryptexes/App/usr/bin:/usr/bin:/bin:/usr/sbin:/sbin:/var/run/com.apple.security.cryptexd/codex.system/bootstrap/usr/local/bin:/var/run/com.apple.security.cryptexd/codex.system/bootstrap/usr/bin:/var/run/com.apple.security.cryptexd/codex.system/bootstrap/usr/appleinternal/bin:/Library/Apple/usr/bin:/Library/TeX/texbin:/usr/local/share/dotnet:~/.dotnet/tools:/usr/local/go/bin:/usr/local/share/android-sdk/cmdline-tools/latest/bin/:/usr/local/share/android-sdk/tools/:/usr/local/share/android-sdk/emulator/:/usr/local/share/android-sdk/platform-tools/:/Users/stong_mac/software/devtool/maven/apache-maven-3.9.9/bin
SHELL=/bin/zsh
TMPDIR=/var/folders/x1/tp3fk8kn5hn2h59q4qm3rx300000gn/T/

Active Locale:
LC_ALL=C
LC_COLLATE=C
LC_CTYPE=C
LC_MESSAGES=C
LC_MONETARY=C
LC_NUMERIC=C
LC_TIME=C

Signal Handlers:
   SIGSEGV: crash_handler in libjvm.dylib, mask=11100110000111110111111111111111, flags=SA_ONSTACK|SA_RESTART|SA_SIGINFO, unblocked
    SIGBUS: crash_handler in libjvm.dylib, mask=11100110000111110111111111111111, flags=SA_RESTART|SA_SIGINFO, unblocked
    SIGFPE: crash_handler in libjvm.dylib, mask=11100110000111110111111111111111, flags=SA_RESTART|SA_SIGINFO, unblocked
   SIGPIPE: javaSignalHandler in libjvm.dylib, mask=11100110000111110111111111111111, flags=SA_RESTART|SA_SIGINFO, blocked
   SIGXFSZ: javaSignalHandler in libjvm.dylib, mask=11100110000111110111111111111111, flags=SA_RESTART|SA_SIGINFO, blocked
    SIGILL: crash_handler in libjvm.dylib, mask=11100110000111110111111111111111, flags=SA_RESTART|SA_SIGINFO, unblocked
   SIGUSR2: SR_handler in libjvm.dylib, mask=00000000000000000000000000000000, flags=SA_RESTART|SA_SIGINFO, blocked
    SIGHUP: UserHandler in libjvm.dylib, mask=11100110000111110111111111111111, flags=SA_RESTART|SA_SIGINFO, blocked
    SIGINT: UserHandler in libjvm.dylib, mask=11100110000111110111111111111111, flags=SA_RESTART|SA_SIGINFO, blocked
   SIGTERM: UserHandler in libjvm.dylib, mask=11100110000111110111111111111111, flags=SA_RESTART|SA_SIGINFO, blocked
   SIGQUIT: UserHandler in libjvm.dylib, mask=11100110000111110111111111111111, flags=SA_RESTART|SA_SIGINFO, blocked
   SIGTRAP: crash_handler in libjvm.dylib, mask=11100110000111110111111111111111, flags=SA_RESTART|SA_SIGINFO, unblocked


Periodic native trim disabled

---------------  S Y S T E M  ---------------

OS:
uname: Darwin 24.6.0 Darwin Kernel Version 24.6.0: Wed Nov  5 21:30:23 PST 2025; root:xnu-11417.140.69.705.2~1/RELEASE_X86_64 x86_64
OS uptime: 0 days 0:02 hours
rlimit (soft/hard): STACK 8192k/65532k , CORE 0k/infinity , NPROC 5568/8352 , NOFILE 1048576/infinity , AS infinity/infinity , CPU infinity/infinity , DATA infinity/infinity , FSIZE infinity/infinity , MEMLOCK infinity/infinity , RSS infinity/infinity
load average: 601.46 183.21 69.65

CPU: total 12 (initial active 12) (6 cores per cpu, 2 threads per core) family 6 model 151 stepping 5 microcode 0x18, cx8, cmov, fxsr, ht, mmx, 3dnowpref, sse, sse2, sse3, ssse3, sse4.1, sse4.2, popcnt, lzcnt, tsc, tscinvbit, avx, avx2, aes, erms, clmul, bmi1, bmi2, adx, sha, fma, vzeroupper, clflush, clflushopt, clwb, serialize, rdtscp, rdpid, fsrm, f16c, pku, cet_ibt, cet_ss
machdep.cpu.brand_string:12th Gen Intel(R) Core(TM) i5-12400
hw.cpufrequency:2500000000
hw.cpufrequency_min:2500000000
hw.cpufrequency_max:2500000000
hw.cachelinesize:64
hw.l1icachesize:32768
hw.l1dcachesize:49152
hw.l2cachesize:1310720
hw.l3cachesize:18874368

Memory: 4k page, physical 33554432k(120636k free), swap 0k(0k free)

vm_info: OpenJDK 64-Bit Server VM (21.0.9+10-LTS) for bsd-amd64 JRE (21.0.9+10-LTS), built on 2025-10-21T00:00:00Z by "admin" with clang Apple LLVM 15.0.0 (clang-1500.1.0.2.5)

END.
